ifscode,Country_Name,year,status,events,new_events_gap6,new_events_gap5,new_events_gap4,new_events_gap3,new_events_gap2
914,Albania,1980,0,0,0,0,0,0,0
914,Albania,1981,0,0,0,0,0,0,0
914,Albania,1982,0,0,0,0,0,0,0
914,Albania,1983,0,0,0,0,0,0,0
914,Albania,1984,0,0,0,0,0,0,0
914,Albania,1985,0,0,0,0,0,0,0
914,Albania,1986,0,0,0,0,0,0,0
914,Albania,1987,0,0,0,0,0,0,0
914,Albania,1988,0,0,0,0,0,0,0
914,Albania,1989,0,0,0,0,0,0,0
914,Albania,1990,0,0,0,0,0,0,0
914,Albania,1991,0,0,0,0,0,0,0
914,Albania,1992,1,1,1,1,1,1,1
914,Albania,1993,1,1,0,0,0,0,0
914,Albania,1994,2,0,0,0,0,0,0
914,Albania,1995,2,0,0,0,0,0,0
914,Albania,1996,0,0,0,0,0,0,0
914,Albania,1997,0,0,0,0,0,0,0
914,Albania,1998,1,1,0,1,1,1,1
914,Albania,1999,2,0,0,0,0,0,0
914,Albania,2000,2,0,0,0,0,0,0
914,Albania,2001,0,0,0,0,0,0,0
914,Albania,2002,1,1,0,0,1,1,1
914,Albania,2003,2,0,0,0,0,0,0
914,Albania,2004,2,0,0,0,0,0,0
914,Albania,2005,0,0,0,0,0,0,0
914,Albania,2006,1,1,0,0,1,1,1
914,Albania,2007,2,0,0,0,0,0,0
914,Albania,2008,2,0,0,0,0,0,0
914,Albania,2009,0,0,0,0,0,0,0
914,Albania,2010,0,0,0,0,0,0,0
914,Albania,2011,0,0,0,0,0,0,0
914,Albania,2012,0,0,0,0,0,0,0
914,Albania,2013,0,0,0,0,0,0,0
914,Albania,2014,1,1,1,1,1,1,1
914,Albania,2015,2,0,0,0,0,0,0
914,Albania,2016,2,0,0,0,0,0,0
914,Albania,2017,0,0,0,0,0,0,0
914,Albania,2018,0,0,0,0,0,0,0
914,Albania,2019,0,0,0,0,0,0,0
914,Albania,2020,0,0,0,0,0,0,0
612,Algeria,1980,0,0,0,0,0,0,0
612,Algeria,1981,0,0,0,0,0,0,0
612,Algeria,1982,0,0,0,0,0,0,0
612,Algeria,1983,0,0,0,0,0,0,0
612,Algeria,1984,0,0,0,0,0,0,0
612,Algeria,1985,0,0,0,0,0,0,0
612,Algeria,1986,0,0,0,0,0,0,0
612,Algeria,1987,0,0,0,0,0,0,0
612,Algeria,1988,0,0,0,0,0,0,0
612,Algeria,1989,1,1,1,1,1,1,1
612,Algeria,1990,0,0,0,0,0,0,0
612,Algeria,1991,1,1,0,0,0,0,1
612,Algeria,1992,0,0,0,0,0,0,0
612,Algeria,1993,0,0,0,0,0,0,0
612,Algeria,1994,1,1,0,0,0,1,1
612,Algeria,1995,1,1,0,0,0,0,0
612,Algeria,1996,2,0,0,0,0,0,0
612,Algeria,1997,2,0,0,0,0,0,0
612,Algeria,1998,0,0,0,0,0,0,0
612,Algeria,1999,0,0,0,0,0,0,0
612,Algeria,2000,0,0,0,0,0,0,0
612,Algeria,2001,0,0,0,0,0,0,0
612,Algeria,2002,0,0,0,0,0,0,0
612,Algeria,2003,0,0,0,0,0,0,0
612,Algeria,2004,0,0,0,0,0,0,0
612,Algeria,2005,0,0,0,0,0,0,0
612,Algeria,2006,0,0,0,0,0,0,0
612,Algeria,2007,0,0,0,0,0,0,0
612,Algeria,2008,0,0,0,0,0,0,0
612,Algeria,2009,0,0,0,0,0,0,0
612,Algeria,2010,0,0,0,0,0,0,0
612,Algeria,2011,0,0,0,0,0,0,0
612,Algeria,2012,0,0,0,0,0,0,0
612,Algeria,2013,0,0,0,0,0,0,0
612,Algeria,2014,0,0,0,0,0,0,0
612,Algeria,2015,0,0,0,0,0,0,0
612,Algeria,2016,0,0,0,0,0,0,0
612,Algeria,2017,0,0,0,0,0,0,0
612,Algeria,2018,0,0,0,0,0,0,0
612,Algeria,2019,0,0,0,0,0,0,0
612,Algeria,2020,0,0,0,0,0,0,0
614,Angola,1980,0,0,0,0,0,0,0
614,Angola,1981,0,0,0,0,0,0,0
614,Angola,1982,0,0,0,0,0,0,0
614,Angola,1983,0,0,0,0,0,0,0
614,Angola,1984,0,0,0,0,0,0,0
614,Angola,1985,0,0,0,0,0,0,0
614,Angola,1986,0,0,0,0,0,0,0
614,Angola,1987,0,0,0,0,0,0,0
614,Angola,1988,0,0,0,0,0,0,0
614,Angola,1989,0,0,0,0,0,0,0
614,Angola,1990,0,0,0,0,0,0,0
614,Angola,1991,0,0,0,0,0,0,0
614,Angola,1992,0,0,0,0,0,0,0
614,Angola,1993,0,0,0,0,0,0,0
614,Angola,1994,0,0,0,0,0,0,0
614,Angola,1995,0,0,0,0,0,0,0
614,Angola,1996,0,0,0,0,0,0,0
614,Angola,1997,0,0,0,0,0,0,0
614,Angola,1998,0,0,0,0,0,0,0
614,Angola,1999,0,0,0,0,0,0,0
614,Angola,2000,0,0,0,0,0,0,0
614,Angola,2001,0,0,0,0,0,0,0
614,Angola,2002,0,0,0,0,0,0,0
614,Angola,2003,0,0,0,0,0,0,0
614,Angola,2004,0,0,0,0,0,0,0
614,Angola,2005,0,0,0,0,0,0,0
614,Angola,2006,0,0,0,0,0,0,0
614,Angola,2007,0,0,0,0,0,0,0
614,Angola,2008,0,0,0,0,0,0,0
614,Angola,2009,1,1,1,1,1,1,1
614,Angola,2010,2,0,0,0,0,0,0
614,Angola,2011,2,0,0,0,0,0,0
614,Angola,2012,0,0,0,0,0,0,0
614,Angola,2013,0,0,0,0,0,0,0
614,Angola,2014,0,0,0,0,0,0,0
614,Angola,2015,0,0,0,0,0,0,0
614,Angola,2016,0,0,0,0,0,0,0
614,Angola,2017,0,0,0,0,0,0,0
614,Angola,2018,1,1,1,1,1,1,1
614,Angola,2019,2,0,0,0,0,0,0
614,Angola,2020,2,0,0,0,0,0,0
213,Argentina,1980,0,0,0,0,0,0,0
213,Argentina,1981,0,0,0,0,0,0,0
213,Argentina,1982,0,0,0,0,0,0,0
213,Argentina,1983,1,1,1,1,1,1,1
213,Argentina,1984,1,1,0,0,0,0,0
213,Argentina,1985,2,0,0,0,0,0,0
213,Argentina,1986,0,0,0,0,0,0,0
213,Argentina,1987,1,1,0,0,0,1,1
213,Argentina,1988,0,0,0,0,0,0,0
213,Argentina,1989,1,1,0,0,0,0,1
213,Argentina,1990,2,0,0,0,0,0,0
213,Argentina,1991,1,1,0,0,0,0,1
213,Argentina,1992,1,1,0,0,0,0,0
213,Argentina,1993,2,0,0,0,0,0,0
213,Argentina,1994,2,0,0,0,0,0,0
213,Argentina,1995,2,0,0,0,0,0,0
213,Argentina,1996,1,1,0,0,1,1,1
213,Argentina,1997,2,0,0,0,0,0,0
213,Argentina,1998,1,1,0,0,0,0,1
213,Argentina,1999,2,0,0,0,0,0,0
213,Argentina,2000,1,1,0,0,0,0,1
213,Argentina,2001,2,0,0,0,0,0,0
213,Argentina,2002,2,0,0,0,0,0,0
213,Argentina,2003,1,1,0,0,0,1,1
213,Argentina,2004,2,0,0,0,0,0,0
213,Argentina,2005,2,0,0,0,0,0,0
213,Argentina,2006,0,0,0,0,0,0,0
213,Argentina,2007,0,0,0,0,0,0,0
213,Argentina,2008,0,0,0,0,0,0,0
213,Argentina,2009,0,0,0,0,0,0,0
213,Argentina,2010,0,0,0,0,0,0,0
213,Argentina,2011,0,0,0,0,0,0,0
213,Argentina,2012,0,0,0,0,0,0,0
213,Argentina,2013,0,0,0,0,0,0,0
213,Argentina,2014,0,0,0,0,0,0,0
213,Argentina,2015,0,0,0,0,0,0,0
213,Argentina,2016,0,0,0,0,0,0,0
213,Argentina,2017,0,0,0,0,0,0,0
213,Argentina,2018,1,1,1,1,1,1,1
213,Argentina,2019,2,0,0,0,0,0,0
213,Argentina,2020,2,0,0,0,0,0,0
911,Armenia,1980,0,0,0,0,0,0,0
911,Armenia,1981,0,0,0,0,0,0,0
911,Armenia,1982,0,0,0,0,0,0,0
911,Armenia,1983,0,0,0,0,0,0,0
911,Armenia,1984,0,0,0,0,0,0,0
911,Armenia,1985,0,0,0,0,0,0,0
911,Armenia,1986,0,0,0,0,0,0,0
911,Armenia,1987,0,0,0,0,0,0,0
911,Armenia,1988,0,0,0,0,0,0,0
911,Armenia,1989,0,0,0,0,0,0,0
911,Armenia,1990,0,0,0,0,0,0,0
911,Armenia,1991,0,0,0,0,0,0,0
911,Armenia,1992,0,0,0,0,0,0,0
911,Armenia,1993,0,0,0,0,0,0,0
911,Armenia,1994,0,0,0,0,0,0,0
911,Armenia,1995,1,1,1,1,1,1,1
911,Armenia,1996,1,1,0,0,0,0,0
911,Armenia,1997,2,0,0,0,0,0,0
911,Armenia,1998,2,0,0,0,0,0,0
911,Armenia,1999,0,0,0,0,0,0,0
911,Armenia,2000,0,0,0,0,0,0,0
911,Armenia,2001,1,1,0,1,1,1,1
911,Armenia,2002,2,0,0,0,0,0,0
911,Armenia,2003,2,0,0,0,0,0,0
911,Armenia,2004,0,0,0,0,0,0,0
911,Armenia,2005,1,1,0,0,1,1,1
911,Armenia,2006,2,0,0,0,0,0,0
911,Armenia,2007,2,0,0,0,0,0,0
911,Armenia,2008,1,1,0,0,0,1,1
911,Armenia,2009,1,1,0,0,0,0,0
911,Armenia,2010,1,1,0,0,0,0,0
911,Armenia,2011,2,0,0,0,0,0,0
911,Armenia,2012,2,0,0,0,0,0,0
911,Armenia,2013,0,0,0,0,0,0,0
911,Armenia,2014,1,1,0,0,1,1,1
911,Armenia,2015,2,0,0,0,0,0,0
911,Armenia,2016,2,0,0,0,0,0,0
911,Armenia,2017,0,0,0,0,0,0,0
911,Armenia,2018,0,0,0,0,0,0,0
911,Armenia,2019,1,1,0,1,1,1,1
911,Armenia,2020,2,0,0,0,0,0,0
912,Azerbaijan,1980,0,0,0,0,0,0,0
912,Azerbaijan,1981,0,0,0,0,0,0,0
912,Azerbaijan,1982,0,0,0,0,0,0,0
912,Azerbaijan,1983,0,0,0,0,0,0,0
912,Azerbaijan,1984,0,0,0,0,0,0,0
912,Azerbaijan,1985,0,0,0,0,0,0,0
912,Azerbaijan,1986,0,0,0,0,0,0,0
912,Azerbaijan,1987,0,0,0,0,0,0,0
912,Azerbaijan,1988,0,0,0,0,0,0,0
912,Azerbaijan,1989,0,0,0,0,0,0,0
912,Azerbaijan,1990,0,0,0,0,0,0,0
912,Azerbaijan,1991,0,0,0,0,0,0,0
912,Azerbaijan,1992,0,0,0,0,0,0,0
912,Azerbaijan,1993,0,0,0,0,0,0,0
912,Azerbaijan,1994,0,0,0,0,0,0,0
912,Azerbaijan,1995,1,1,1,1,1,1,1
912,Azerbaijan,1996,1,1,0,0,0,0,0
912,Azerbaijan,1997,2,0,0,0,0,0,0
912,Azerbaijan,1998,2,0,0,0,0,0,0
912,Azerbaijan,1999,2,0,0,0,0,0,0
912,Azerbaijan,2000,0,0,0,0,0,0,0
912,Azerbaijan,2001,1,1,0,1,1,1,1
912,Azerbaijan,2002,2,0,0,0,0,0,0
912,Azerbaijan,2003,2,0,0,0,0,0,0
912,Azerbaijan,2004,2,0,0,0,0,0,0
912,Azerbaijan,2005,0,0,0,0,0,0,0
912,Azerbaijan,2006,0,0,0,0,0,0,0
912,Azerbaijan,2007,0,0,0,0,0,0,0
912,Azerbaijan,2008,0,0,0,0,0,0,0
912,Azerbaijan,2009,0,0,0,0,0,0,0
912,Azerbaijan,2010,0,0,0,0,0,0,0
912,Azerbaijan,2011,0,0,0,0,0,0,0
912,Azerbaijan,2012,0,0,0,0,0,0,0
912,Azerbaijan,2013,0,0,0,0,0,0,0
912,Azerbaijan,2014,0,0,0,0,0,0,0
912,Azerbaijan,2015,0,0,0,0,0,0,0
912,Azerbaijan,2016,0,0,0,0,0,0,0
912,Azerbaijan,2017,0,0,0,0,0,0,0
912,Azerbaijan,2018,0,0,0,0,0,0,0
912,Azerbaijan,2019,0,0,0,0,0,0,0
912,Azerbaijan,2020,0,0,0,0,0,0,0
313,"Bahamas, The",1980,,0,0,0,0,0,0
313,"Bahamas, The",1981,,0,0,0,0,0,0
313,"Bahamas, The",1982,,0,0,0,0,0,0
313,"Bahamas, The",1983,,0,0,0,0,0,0
313,"Bahamas, The",1984,,0,0,0,0,0,0
313,"Bahamas, The",1985,,0,0,0,0,0,0
313,"Bahamas, The",1986,,0,0,0,0,0,0
313,"Bahamas, The",1987,,0,0,0,0,0,0
313,"Bahamas, The",1988,,0,0,0,0,0,0
313,"Bahamas, The",1989,,0,0,0,0,0,0
313,"Bahamas, The",1990,,0,0,0,0,0,0
313,"Bahamas, The",1991,,0,0,0,0,0,0
313,"Bahamas, The",1992,,0,0,0,0,0,0
313,"Bahamas, The",1993,,0,0,0,0,0,0
313,"Bahamas, The",1994,,0,0,0,0,0,0
313,"Bahamas, The",1995,,0,0,0,0,0,0
313,"Bahamas, The",1996,,0,0,0,0,0,0
313,"Bahamas, The",1997,,0,0,0,0,0,0
313,"Bahamas, The",1998,,0,0,0,0,0,0
313,"Bahamas, The",1999,,0,0,0,0,0,0
313,"Bahamas, The",2000,,0,0,0,0,0,0
313,"Bahamas, The",2001,,0,0,0,0,0,0
313,"Bahamas, The",2002,,0,0,0,0,0,0
313,"Bahamas, The",2003,,0,0,0,0,0,0
313,"Bahamas, The",2004,,0,0,0,0,0,0
313,"Bahamas, The",2005,,0,0,0,0,0,0
313,"Bahamas, The",2006,,0,0,0,0,0,0
313,"Bahamas, The",2007,,0,0,0,0,0,0
313,"Bahamas, The",2008,,0,0,0,0,0,0
313,"Bahamas, The",2009,,0,0,0,0,0,0
313,"Bahamas, The",2010,,0,0,0,0,0,0
313,"Bahamas, The",2011,,0,0,0,0,0,0
313,"Bahamas, The",2012,,0,0,0,0,0,0
313,"Bahamas, The",2013,,0,0,0,0,0,0
313,"Bahamas, The",2014,,0,0,0,0,0,0
313,"Bahamas, The",2015,,0,0,0,0,0,0
313,"Bahamas, The",2016,,0,0,0,0,0,0
313,"Bahamas, The",2017,,0,0,0,0,0,0
313,"Bahamas, The",2018,,0,0,0,0,0,0
313,"Bahamas, The",2019,,0,0,0,0,0,0
313,"Bahamas, The",2020,,0,0,0,0,0,0
316,Barbados,1980,,0,0,0,0,0,0
316,Barbados,1981,,0,0,0,0,0,0
316,Barbados,1982,,0,0,0,0,0,0
316,Barbados,1983,,0,0,0,0,0,0
316,Barbados,1984,,0,0,0,0,0,0
316,Barbados,1985,,0,0,0,0,0,0
316,Barbados,1986,,0,0,0,0,0,0
316,Barbados,1987,,0,0,0,0,0,0
316,Barbados,1988,,0,0,0,0,0,0
316,Barbados,1989,,0,0,0,0,0,0
316,Barbados,1990,,0,0,0,0,0,0
316,Barbados,1991,,0,0,0,0,0,0
316,Barbados,1992,,0,0,0,0,0,0
316,Barbados,1993,,0,0,0,0,0,0
316,Barbados,1994,,0,0,0,0,0,0
316,Barbados,1995,,0,0,0,0,0,0
316,Barbados,1996,,0,0,0,0,0,0
316,Barbados,1997,,0,0,0,0,0,0
316,Barbados,1998,,0,0,0,0,0,0
316,Barbados,1999,,0,0,0,0,0,0
316,Barbados,2000,,0,0,0,0,0,0
316,Barbados,2001,,0,0,0,0,0,0
316,Barbados,2002,,0,0,0,0,0,0
316,Barbados,2003,,0,0,0,0,0,0
316,Barbados,2004,,0,0,0,0,0,0
316,Barbados,2005,,0,0,0,0,0,0
316,Barbados,2006,,0,0,0,0,0,0
316,Barbados,2007,,0,0,0,0,0,0
316,Barbados,2008,,0,0,0,0,0,0
316,Barbados,2009,,0,0,0,0,0,0
316,Barbados,2010,,0,0,0,0,0,0
316,Barbados,2011,,0,0,0,0,0,0
316,Barbados,2012,,0,0,0,0,0,0
316,Barbados,2013,,0,0,0,0,0,0
316,Barbados,2014,,0,0,0,0,0,0
316,Barbados,2015,,0,0,0,0,0,0
316,Barbados,2016,,0,0,0,0,0,0
316,Barbados,2017,,0,0,0,0,0,0
316,Barbados,2018,,0,0,0,0,0,0
316,Barbados,2019,,0,0,0,0,0,0
316,Barbados,2020,,0,0,0,0,0,0
913,Belarus,1980,0,0,0,0,0,0,0
913,Belarus,1981,0,0,0,0,0,0,0
913,Belarus,1982,0,0,0,0,0,0,0
913,Belarus,1983,0,0,0,0,0,0,0
913,Belarus,1984,0,0,0,0,0,0,0
913,Belarus,1985,0,0,0,0,0,0,0
913,Belarus,1986,0,0,0,0,0,0,0
913,Belarus,1987,0,0,0,0,0,0,0
913,Belarus,1988,0,0,0,0,0,0,0
913,Belarus,1989,0,0,0,0,0,0,0
913,Belarus,1990,0,0,0,0,0,0,0
913,Belarus,1991,0,0,0,0,0,0,0
913,Belarus,1992,0,0,0,0,0,0,0
913,Belarus,1993,0,0,0,0,0,0,0
913,Belarus,1994,0,0,0,0,0,0,0
913,Belarus,1995,1,1,1,1,1,1,1
913,Belarus,1996,0,0,0,0,0,0,0
913,Belarus,1997,0,0,0,0,0,0,0
913,Belarus,1998,0,0,0,0,0,0,0
913,Belarus,1999,0,0,0,0,0,0,0
913,Belarus,2000,0,0,0,0,0,0,0
913,Belarus,2001,0,0,0,0,0,0,0
913,Belarus,2002,0,0,0,0,0,0,0
913,Belarus,2003,0,0,0,0,0,0,0
913,Belarus,2004,0,0,0,0,0,0,0
913,Belarus,2005,0,0,0,0,0,0,0
913,Belarus,2006,0,0,0,0,0,0,0
913,Belarus,2007,0,0,0,0,0,0,0
913,Belarus,2008,0,0,0,0,0,0,0
913,Belarus,2009,1,1,1,1,1,1,1
913,Belarus,2010,0,0,0,0,0,0,0
913,Belarus,2011,0,0,0,0,0,0,0
913,Belarus,2012,0,0,0,0,0,0,0
913,Belarus,2013,0,0,0,0,0,0,0
913,Belarus,2014,0,0,0,0,0,0,0
913,Belarus,2015,0,0,0,0,0,0,0
913,Belarus,2016,0,0,0,0,0,0,0
913,Belarus,2017,0,0,0,0,0,0,0
913,Belarus,2018,0,0,0,0,0,0,0
913,Belarus,2019,0,0,0,0,0,0,0
913,Belarus,2020,0,0,0,0,0,0,0
963,Bosnia&Herzegovina,1980,0,0,0,0,0,0,0
963,Bosnia&Herzegovina,1981,0,0,0,0,0,0,0
963,Bosnia&Herzegovina,1982,0,0,0,0,0,0,0
963,Bosnia&Herzegovina,1983,0,0,0,0,0,0,0
963,Bosnia&Herzegovina,1984,0,0,0,0,0,0,0
963,Bosnia&Herzegovina,1985,0,0,0,0,0,0,0
963,Bosnia&Herzegovina,1986,0,0,0,0,0,0,0
963,Bosnia&Herzegovina,1987,0,0,0,0,0,0,0
963,Bosnia&Herzegovina,1988,0,0,0,0,0,0,0
963,Bosnia&Herzegovina,1989,0,0,0,0,0,0,0
963,Bosnia&Herzegovina,1990,0,0,0,0,0,0,0
963,Bosnia&Herzegovina,1991,0,0,0,0,0,0,0
963,Bosnia&Herzegovina,1992,0,0,0,0,0,0,0
963,Bosnia&Herzegovina,1993,0,0,0,0,0,0,0
963,Bosnia&Herzegovina,1994,0,0,0,0,0,0,0
963,Bosnia&Herzegovina,1995,0,0,0,0,0,0,0
963,Bosnia&Herzegovina,1996,0,0,0,0,0,0,0
963,Bosnia&Herzegovina,1997,0,0,0,0,0,0,0
963,Bosnia&Herzegovina,1998,1,1,1,1,1,1,1
963,Bosnia&Herzegovina,1999,2,0,0,0,0,0,0
963,Bosnia&Herzegovina,2000,2,0,0,0,0,0,0
963,Bosnia&Herzegovina,2001,0,0,0,0,0,0,0
963,Bosnia&Herzegovina,2002,1,1,0,0,1,1,1
963,Bosnia&Herzegovina,2003,2,0,0,0,0,0,0
963,Bosnia&Herzegovina,2004,0,0,0,0,0,0,0
963,Bosnia&Herzegovina,2005,0,0,0,0,0,0,0
963,Bosnia&Herzegovina,2006,0,0,0,0,0,0,0
963,Bosnia&Herzegovina,2007,0,0,0,0,0,0,0
963,Bosnia&Herzegovina,2008,0,0,0,0,0,0,0
963,Bosnia&Herzegovina,2009,1,1,1,1,1,1,1
963,Bosnia&Herzegovina,2010,2,0,0,0,0,0,0
963,Bosnia&Herzegovina,2011,2,0,0,0,0,0,0
963,Bosnia&Herzegovina,2012,1,1,0,0,0,1,1
963,Bosnia&Herzegovina,2013,2,0,0,0,0,0,0
963,Bosnia&Herzegovina,2014,2,0,0,0,0,0,0
963,Bosnia&Herzegovina,2015,0,0,0,0,0,0,0
963,Bosnia&Herzegovina,2016,1,1,0,0,1,1,1
963,Bosnia&Herzegovina,2017,2,0,0,0,0,0,0
963,Bosnia&Herzegovina,2018,2,0,0,0,0,0,0
963,Bosnia&Herzegovina,2019,2,0,0,0,0,0,0
963,Bosnia&Herzegovina,2020,0,0,0,0,0,0,0
223,Brazil,1980,0,0,0,0,0,0,0
223,Brazil,1981,0,0,0,0,0,0,0
223,Brazil,1982,0,0,0,0,0,0,0
223,Brazil,1983,1,1,1,1,1,1,1
223,Brazil,1984,2,0,0,0,0,0,0
223,Brazil,1985,2,0,0,0,0,0,0
223,Brazil,1986,0,0,0,0,0,0,0
223,Brazil,1987,0,0,0,0,0,0,0
223,Brazil,1988,1,1,0,1,1,1,1
223,Brazil,1989,2,0,0,0,0,0,0
223,Brazil,1990,0,0,0,0,0,0,0
223,Brazil,1991,0,0,0,0,0,0,0
223,Brazil,1992,1,1,0,0,1,1,1
223,Brazil,1993,0,0,0,0,0,0,0
223,Brazil,1994,0,0,0,0,0,0,0
223,Brazil,1995,0,0,0,0,0,0,0
223,Brazil,1996,0,0,0,0,0,0,0
223,Brazil,1997,0,0,0,0,0,0,0
223,Brazil,1998,1,1,1,1,1,1,1
223,Brazil,1999,2,0,0,0,0,0,0
223,Brazil,2000,2,0,0,0,0,0,0
223,Brazil,2001,1,1,0,0,0,1,1
223,Brazil,2002,1,1,0,0,0,0,0
223,Brazil,2003,2,0,0,0,0,0,0
223,Brazil,2004,2,0,0,0,0,0,0
223,Brazil,2005,0,0,0,0,0,0,0
223,Brazil,2006,0,0,0,0,0,0,0
223,Brazil,2007,0,0,0,0,0,0,0
223,Brazil,2008,0,0,0,0,0,0,0
223,Brazil,2009,0,0,0,0,0,0,0
223,Brazil,2010,0,0,0,0,0,0,0
223,Brazil,2011,0,0,0,0,0,0,0
223,Brazil,2012,0,0,0,0,0,0,0
223,Brazil,2013,0,0,0,0,0,0,0
223,Brazil,2014,0,0,0,0,0,0,0
223,Brazil,2015,0,0,0,0,0,0,0
223,Brazil,2016,0,0,0,0,0,0,0
223,Brazil,2017,0,0,0,0,0,0,0
223,Brazil,2018,0,0,0,0,0,0,0
223,Brazil,2019,0,0,0,0,0,0,0
223,Brazil,2020,0,0,0,0,0,0,0
516,Brunei Darussalam,1980,0,0,0,0,0,0,0
516,Brunei Darussalam,1981,0,0,0,0,0,0,0
516,Brunei Darussalam,1982,0,0,0,0,0,0,0
516,Brunei Darussalam,1983,0,0,0,0,0,0,0
516,Brunei Darussalam,1984,0,0,0,0,0,0,0
516,Brunei Darussalam,1985,0,0,0,0,0,0,0
516,Brunei Darussalam,1986,0,0,0,0,0,0,0
516,Brunei Darussalam,1987,0,0,0,0,0,0,0
516,Brunei Darussalam,1988,0,0,0,0,0,0,0
516,Brunei Darussalam,1989,0,0,0,0,0,0,0
516,Brunei Darussalam,1990,0,0,0,0,0,0,0
516,Brunei Darussalam,1991,0,0,0,0,0,0,0
516,Brunei Darussalam,1992,0,0,0,0,0,0,0
516,Brunei Darussalam,1993,0,0,0,0,0,0,0
516,Brunei Darussalam,1994,0,0,0,0,0,0,0
516,Brunei Darussalam,1995,0,0,0,0,0,0,0
516,Brunei Darussalam,1996,0,0,0,0,0,0,0
516,Brunei Darussalam,1997,0,0,0,0,0,0,0
516,Brunei Darussalam,1998,0,0,0,0,0,0,0
516,Brunei Darussalam,1999,0,0,0,0,0,0,0
516,Brunei Darussalam,2000,0,0,0,0,0,0,0
516,Brunei Darussalam,2001,0,0,0,0,0,0,0
516,Brunei Darussalam,2002,0,0,0,0,0,0,0
516,Brunei Darussalam,2003,0,0,0,0,0,0,0
516,Brunei Darussalam,2004,0,0,0,0,0,0,0
516,Brunei Darussalam,2005,0,0,0,0,0,0,0
516,Brunei Darussalam,2006,0,0,0,0,0,0,0
516,Brunei Darussalam,2007,0,0,0,0,0,0,0
516,Brunei Darussalam,2008,0,0,0,0,0,0,0
516,Brunei Darussalam,2009,0,0,0,0,0,0,0
516,Brunei Darussalam,2010,0,0,0,0,0,0,0
516,Brunei Darussalam,2011,0,0,0,0,0,0,0
516,Brunei Darussalam,2012,0,0,0,0,0,0,0
516,Brunei Darussalam,2013,0,0,0,0,0,0,0
516,Brunei Darussalam,2014,0,0,0,0,0,0,0
516,Brunei Darussalam,2015,0,0,0,0,0,0,0
516,Brunei Darussalam,2016,0,0,0,0,0,0,0
516,Brunei Darussalam,2017,0,0,0,0,0,0,0
516,Brunei Darussalam,2018,0,0,0,0,0,0,0
516,Brunei Darussalam,2019,0,0,0,0,0,0,0
516,Brunei Darussalam,2020,0,0,0,0,0,0,0
918,Bulgaria,1980,0,0,0,0,0,0,0
918,Bulgaria,1981,0,0,0,0,0,0,0
918,Bulgaria,1982,0,0,0,0,0,0,0
918,Bulgaria,1983,0,0,0,0,0,0,0
918,Bulgaria,1984,0,0,0,0,0,0,0
918,Bulgaria,1985,0,0,0,0,0,0,0
918,Bulgaria,1986,0,0,0,0,0,0,0
918,Bulgaria,1987,0,0,0,0,0,0,0
918,Bulgaria,1988,0,0,0,0,0,0,0
918,Bulgaria,1989,0,0,0,0,0,0,0
918,Bulgaria,1990,0,0,0,0,0,0,0
918,Bulgaria,1991,1,1,1,1,1,1,1
918,Bulgaria,1992,1,1,0,0,0,0,0
918,Bulgaria,1993,0,0,0,0,0,0,0
918,Bulgaria,1994,1,1,0,0,0,0,1
918,Bulgaria,1995,0,0,0,0,0,0,0
918,Bulgaria,1996,1,1,0,0,0,0,1
918,Bulgaria,1997,1,1,0,0,0,0,0
918,Bulgaria,1998,1,1,0,0,0,0,0
918,Bulgaria,1999,2,0,0,0,0,0,0
918,Bulgaria,2000,2,0,0,0,0,0,0
918,Bulgaria,2001,0,0,0,0,0,0,0
918,Bulgaria,2002,1,1,0,0,1,1,1
918,Bulgaria,2003,2,0,0,0,0,0,0
918,Bulgaria,2004,1,1,0,0,0,0,1
918,Bulgaria,2005,2,0,0,0,0,0,0
918,Bulgaria,2006,2,0,0,0,0,0,0
918,Bulgaria,2007,0,0,0,0,0,0,0
918,Bulgaria,2008,0,0,0,0,0,0,0
918,Bulgaria,2009,0,0,0,0,0,0,0
918,Bulgaria,2010,0,0,0,0,0,0,0
918,Bulgaria,2011,0,0,0,0,0,0,0
918,Bulgaria,2012,0,0,0,0,0,0,0
918,Bulgaria,2013,0,0,0,0,0,0,0
918,Bulgaria,2014,0,0,0,0,0,0,0
918,Bulgaria,2015,0,0,0,0,0,0,0
918,Bulgaria,2016,0,0,0,0,0,0,0
918,Bulgaria,2017,0,0,0,0,0,0,0
918,Bulgaria,2018,0,0,0,0,0,0,0
918,Bulgaria,2019,0,0,0,0,0,0,0
918,Bulgaria,2020,0,0,0,0,0,0,0
228,Chile,1980,0,0,0,0,0,0,0
228,Chile,1981,0,0,0,0,0,0,0
228,Chile,1982,0,0,0,0,0,0,0
228,Chile,1983,1,1,1,1,1,1,1
228,Chile,1984,2,0,0,0,0,0,0
228,Chile,1985,1,1,0,0,0,0,1
228,Chile,1986,2,0,0,0,0,0,0
228,Chile,1987,2,0,0,0,0,0,0
228,Chile,1988,2,0,0,0,0,0,0
228,Chile,1989,1,1,0,0,1,1,1
228,Chile,1990,0,0,0,0,0,0,0
228,Chile,1991,0,0,0,0,0,0,0
228,Chile,1992,0,0,0,0,0,0,0
228,Chile,1993,0,0,0,0,0,0,0
228,Chile,1994,0,0,0,0,0,0,0
228,Chile,1995,0,0,0,0,0,0,0
228,Chile,1996,0,0,0,0,0,0,0
228,Chile,1997,0,0,0,0,0,0,0
228,Chile,1998,0,0,0,0,0,0,0
228,Chile,1999,0,0,0,0,0,0,0
228,Chile,2000,0,0,0,0,0,0,0
228,Chile,2001,0,0,0,0,0,0,0
228,Chile,2002,0,0,0,0,0,0,0
228,Chile,2003,0,0,0,0,0,0,0
228,Chile,2004,0,0,0,0,0,0,0
228,Chile,2005,0,0,0,0,0,0,0
228,Chile,2006,0,0,0,0,0,0,0
228,Chile,2007,0,0,0,0,0,0,0
228,Chile,2008,0,0,0,0,0,0,0
228,Chile,2009,0,0,0,0,0,0,0
228,Chile,2010,0,0,0,0,0,0,0
228,Chile,2011,0,0,0,0,0,0,0
228,Chile,2012,0,0,0,0,0,0,0
228,Chile,2013,0,0,0,0,0,0,0
228,Chile,2014,0,0,0,0,0,0,0
228,Chile,2015,0,0,0,0,0,0,0
228,Chile,2016,0,0,0,0,0,0,0
228,Chile,2017,0,0,0,0,0,0,0
228,Chile,2018,0,0,0,0,0,0,0
228,Chile,2019,0,0,0,0,0,0,0
228,Chile,2020,1,1,1,1,1,1,1
924,China,1980,0,0,0,0,0,0,0
924,China,1981,1,1,1,1,1,1,1
924,China,1982,0,0,0,0,0,0,0
924,China,1983,0,0,0,0,0,0,0
924,China,1984,0,0,0,0,0,0,0
924,China,1985,0,0,0,0,0,0,0
924,China,1986,1,1,0,1,1,1,1
924,China,1987,0,0,0,0,0,0,0
924,China,1988,0,0,0,0,0,0,0
924,China,1989,0,0,0,0,0,0,0
924,China,1990,0,0,0,0,0,0,0
924,China,1991,0,0,0,0,0,0,0
924,China,1992,0,0,0,0,0,0,0
924,China,1993,0,0,0,0,0,0,0
924,China,1994,0,0,0,0,0,0,0
924,China,1995,0,0,0,0,0,0,0
924,China,1996,0,0,0,0,0,0,0
924,China,1997,0,0,0,0,0,0,0
924,China,1998,0,0,0,0,0,0,0
924,China,1999,0,0,0,0,0,0,0
924,China,2000,0,0,0,0,0,0,0
924,China,2001,0,0,0,0,0,0,0
924,China,2002,0,0,0,0,0,0,0
924,China,2003,0,0,0,0,0,0,0
924,China,2004,0,0,0,0,0,0,0
924,China,2005,0,0,0,0,0,0,0
924,China,2006,0,0,0,0,0,0,0
924,China,2007,0,0,0,0,0,0,0
924,China,2008,0,0,0,0,0,0,0
924,China,2009,0,0,0,0,0,0,0
924,China,2010,0,0,0,0,0,0,0
924,China,2011,0,0,0,0,0,0,0
924,China,2012,0,0,0,0,0,0,0
924,China,2013,0,0,0,0,0,0,0
924,China,2014,0,0,0,0,0,0,0
924,China,2015,0,0,0,0,0,0,0
924,China,2016,0,0,0,0,0,0,0
924,China,2017,0,0,0,0,0,0,0
924,China,2018,0,0,0,0,0,0,0
924,China,2019,0,0,0,0,0,0,0
924,China,2020,0,0,0,0,0,0,0
233,Colombia,1980,0,0,0,0,0,0,0
233,Colombia,1981,0,0,0,0,0,0,0
233,Colombia,1982,0,0,0,0,0,0,0
233,Colombia,1983,0,0,0,0,0,0,0
233,Colombia,1984,0,0,0,0,0,0,0
233,Colombia,1985,0,0,0,0,0,0,0
233,Colombia,1986,0,0,0,0,0,0,0
233,Colombia,1987,0,0,0,0,0,0,0
233,Colombia,1988,0,0,0,0,0,0,0
233,Colombia,1989,0,0,0,0,0,0,0
233,Colombia,1990,0,0,0,0,0,0,0
233,Colombia,1991,0,0,0,0,0,0,0
233,Colombia,1992,0,0,0,0,0,0,0
233,Colombia,1993,0,0,0,0,0,0,0
233,Colombia,1994,0,0,0,0,0,0,0
233,Colombia,1995,0,0,0,0,0,0,0
233,Colombia,1996,0,0,0,0,0,0,0
233,Colombia,1997,0,0,0,0,0,0,0
233,Colombia,1998,0,0,0,0,0,0,0
233,Colombia,1999,1,1,1,1,1,1,1
233,Colombia,2000,2,0,0,0,0,0,0
233,Colombia,2001,2,0,0,0,0,0,0
233,Colombia,2002,0,0,0,0,0,0,0
233,Colombia,2003,1,1,0,0,1,1,1
233,Colombia,2004,2,0,0,0,0,0,0
233,Colombia,2005,1,1,0,0,0,0,1
233,Colombia,2006,0,0,0,0,0,0,0
233,Colombia,2007,0,0,0,0,0,0,0
233,Colombia,2008,0,0,0,0,0,0,0
233,Colombia,2009,1,1,0,0,1,1,1
233,Colombia,2010,1,1,0,0,0,0,0
233,Colombia,2011,1,1,0,0,0,0,0
233,Colombia,2012,2,0,0,0,0,0,0
233,Colombia,2013,1,1,0,0,0,0,1
233,Colombia,2014,2,0,0,0,0,0,0
233,Colombia,2015,1,1,0,0,0,0,1
233,Colombia,2016,1,1,0,0,0,0,0
233,Colombia,2017,2,0,0,0,0,0,0
233,Colombia,2018,1,1,0,0,0,0,1
233,Colombia,2019,2,0,0,0,0,0,0
233,Colombia,2020,1,1,0,0,0,0,1
238,Costa Rica,1980,1,1,0,0,0,0,0
238,Costa Rica,1981,1,1,1,1,1,1,1
238,Costa Rica,1982,1,1,0,0,0,0,0
238,Costa Rica,1983,0,0,0,0,0,0,0
238,Costa Rica,1984,0,0,0,0,0,0,0
238,Costa Rica,1985,1,1,0,0,0,1,1
238,Costa Rica,1986,0,0,0,0,0,0,0
238,Costa Rica,1987,1,1,0,0,0,0,1
238,Costa Rica,1988,2,0,0,0,0,0,0
238,Costa Rica,1989,1,1,0,0,0,0,1
238,Costa Rica,1990,0,0,0,0,0,0,0
238,Costa Rica,1991,1,1,0,0,0,0,1
238,Costa Rica,1992,0,0,0,0,0,0,0
238,Costa Rica,1993,1,1,0,0,0,0,1
238,Costa Rica,1994,0,0,0,0,0,0,0
238,Costa Rica,1995,1,1,0,0,0,0,1
238,Costa Rica,1996,2,0,0,0,0,0,0
238,Costa Rica,1997,0,0,0,0,0,0,0
238,Costa Rica,1998,0,0,0,0,0,0,0
238,Costa Rica,1999,0,0,0,0,0,0,0
238,Costa Rica,2000,0,0,0,0,0,0,0
238,Costa Rica,2001,0,0,0,0,0,0,0
238,Costa Rica,2002,0,0,0,0,0,0,0
238,Costa Rica,2003,0,0,0,0,0,0,0
238,Costa Rica,2004,0,0,0,0,0,0,0
238,Costa Rica,2005,0,0,0,0,0,0,0
238,Costa Rica,2006,0,0,0,0,0,0,0
238,Costa Rica,2007,0,0,0,0,0,0,0
238,Costa Rica,2008,0,0,0,0,0,0,0
238,Costa Rica,2009,1,1,1,1,1,1,1
238,Costa Rica,2010,0,0,0,0,0,0,0
238,Costa Rica,2011,0,0,0,0,0,0,0
238,Costa Rica,2012,0,0,0,0,0,0,0
238,Costa Rica,2013,0,0,0,0,0,0,0
238,Costa Rica,2014,0,0,0,0,0,0,0
238,Costa Rica,2015,0,0,0,0,0,0,0
238,Costa Rica,2016,0,0,0,0,0,0,0
238,Costa Rica,2017,0,0,0,0,0,0,0
238,Costa Rica,2018,0,0,0,0,0,0,0
238,Costa Rica,2019,0,0,0,0,0,0,0
238,Costa Rica,2020,0,0,0,0,0,0,0
960,Croatia,1980,0,0,0,0,0,0,0
960,Croatia,1981,0,0,0,0,0,0,0
960,Croatia,1982,0,0,0,0,0,0,0
960,Croatia,1983,0,0,0,0,0,0,0
960,Croatia,1984,0,0,0,0,0,0,0
960,Croatia,1985,0,0,0,0,0,0,0
960,Croatia,1986,0,0,0,0,0,0,0
960,Croatia,1987,0,0,0,0,0,0,0
960,Croatia,1988,0,0,0,0,0,0,0
960,Croatia,1989,0,0,0,0,0,0,0
960,Croatia,1990,0,0,0,0,0,0,0
960,Croatia,1991,0,0,0,0,0,0,0
960,Croatia,1992,0,0,0,0,0,0,0
960,Croatia,1993,0,0,0,0,0,0,0
960,Croatia,1994,1,1,1,1,1,1,1
960,Croatia,1995,2,0,0,0,0,0,0
960,Croatia,1996,0,0,0,0,0,0,0
960,Croatia,1997,1,1,0,0,0,1,1
960,Croatia,1998,2,0,0,0,0,0,0
960,Croatia,1999,2,0,0,0,0,0,0
960,Croatia,2000,0,0,0,0,0,0,0
960,Croatia,2001,1,1,0,0,1,1,1
960,Croatia,2002,0,0,0,0,0,0,0
960,Croatia,2003,1,1,0,0,0,0,1
960,Croatia,2004,1,1,0,0,0,0,0
960,Croatia,2005,2,0,0,0,0,0,0
960,Croatia,2006,0,0,0,0,0,0,0
960,Croatia,2007,0,0,0,0,0,0,0
960,Croatia,2008,0,0,0,0,0,0,0
960,Croatia,2009,0,0,0,0,0,0,0
960,Croatia,2010,0,0,0,0,0,0,0
960,Croatia,2011,0,0,0,0,0,0,0
960,Croatia,2012,0,0,0,0,0,0,0
960,Croatia,2013,0,0,0,0,0,0,0
960,Croatia,2014,0,0,0,0,0,0,0
960,Croatia,2015,0,0,0,0,0,0,0
960,Croatia,2016,0,0,0,0,0,0,0
960,Croatia,2017,0,0,0,0,0,0,0
960,Croatia,2018,0,0,0,0,0,0,0
960,Croatia,2019,0,0,0,0,0,0,0
960,Croatia,2020,0,0,0,0,0,0,0
243,Dominican Republic,1980,0,0,0,0,0,0,0
243,Dominican Republic,1981,0,0,0,0,0,0,0
243,Dominican Republic,1982,0,0,0,0,0,0,0
243,Dominican Republic,1983,1,1,1,1,1,1,1
243,Dominican Republic,1984,2,0,0,0,0,0,0
243,Dominican Republic,1985,1,1,0,0,0,0,1
243,Dominican Republic,1986,0,0,0,0,0,0,0
243,Dominican Republic,1987,0,0,0,0,0,0,0
243,Dominican Republic,1988,0,0,0,0,0,0,0
243,Dominican Republic,1989,0,0,0,0,0,0,0
243,Dominican Republic,1990,0,0,0,0,0,0,0
243,Dominican Republic,1991,1,1,1,1,1,1,1
243,Dominican Republic,1992,2,0,0,0,0,0,0
243,Dominican Republic,1993,1,1,0,0,0,0,1
243,Dominican Republic,1994,0,0,0,0,0,0,0
243,Dominican Republic,1995,0,0,0,0,0,0,0
243,Dominican Republic,1996,0,0,0,0,0,0,0
243,Dominican Republic,1997,0,0,0,0,0,0,0
243,Dominican Republic,1998,0,0,0,0,0,0,0
243,Dominican Republic,1999,0,0,0,0,0,0,0
243,Dominican Republic,2000,0,0,0,0,0,0,0
243,Dominican Republic,2001,0,0,0,0,0,0,0
243,Dominican Republic,2002,0,0,0,0,0,0,0
243,Dominican Republic,2003,1,1,1,1,1,1,1
243,Dominican Republic,2004,2,0,0,0,0,0,0
243,Dominican Republic,2005,1,1,0,0,0,0,1
243,Dominican Republic,2006,2,0,0,0,0,0,0
243,Dominican Republic,2007,2,0,0,0,0,0,0
243,Dominican Republic,2008,0,0,0,0,0,0,0
243,Dominican Republic,2009,1,1,0,0,1,1,1
243,Dominican Republic,2010,2,0,0,0,0,0,0
243,Dominican Republic,2011,2,0,0,0,0,0,0
243,Dominican Republic,2012,0,0,0,0,0,0,0
243,Dominican Republic,2013,0,0,0,0,0,0,0
243,Dominican Republic,2014,0,0,0,0,0,0,0
243,Dominican Republic,2015,0,0,0,0,0,0,0
243,Dominican Republic,2016,0,0,0,0,0,0,0
243,Dominican Republic,2017,0,0,0,0,0,0,0
243,Dominican Republic,2018,0,0,0,0,0,0,0
243,Dominican Republic,2019,0,0,0,0,0,0,0
243,Dominican Republic,2020,0,0,0,0,0,0,0
248,Ecuador,1980,0,0,0,0,0,0,0
248,Ecuador,1981,0,0,0,0,0,0,0
248,Ecuador,1982,0,0,0,0,0,0,0
248,Ecuador,1983,1,1,1,1,1,1,1
248,Ecuador,1984,0,0,0,0,0,0,0
248,Ecuador,1985,1,1,0,0,0,0,1
248,Ecuador,1986,1,1,0,0,0,0,0
248,Ecuador,1987,0,0,0,0,0,0,0
248,Ecuador,1988,1,1,0,0,0,0,1
248,Ecuador,1989,1,1,0,0,0,0,0
248,Ecuador,1990,2,0,0,0,0,0,0
248,Ecuador,1991,1,1,0,0,0,0,1
248,Ecuador,1992,0,0,0,0,0,0,0
248,Ecuador,1993,0,0,0,0,0,0,0
248,Ecuador,1994,1,1,0,0,0,1,1
248,Ecuador,1995,0,0,0,0,0,0,0
248,Ecuador,1996,0,0,0,0,0,0,0
248,Ecuador,1997,0,0,0,0,0,0,0
248,Ecuador,1998,0,0,0,0,0,0,0
248,Ecuador,1999,0,0,0,0,0,0,0
248,Ecuador,2000,1,1,1,1,1,1,1
248,Ecuador,2001,0,0,0,0,0,0,0
248,Ecuador,2002,0,0,0,0,0,0,0
248,Ecuador,2003,1,1,0,0,0,1,1
248,Ecuador,2004,0,0,0,0,0,0,0
248,Ecuador,2005,0,0,0,0,0,0,0
248,Ecuador,2006,0,0,0,0,0,0,0
248,Ecuador,2007,0,0,0,0,0,0,0
248,Ecuador,2008,0,0,0,0,0,0,0
248,Ecuador,2009,0,0,0,0,0,0,0
248,Ecuador,2010,0,0,0,0,0,0,0
248,Ecuador,2011,0,0,0,0,0,0,0
248,Ecuador,2012,0,0,0,0,0,0,0
248,Ecuador,2013,0,0,0,0,0,0,0
248,Ecuador,2014,0,0,0,0,0,0,0
248,Ecuador,2015,0,0,0,0,0,0,0
248,Ecuador,2016,0,0,0,0,0,0,0
248,Ecuador,2017,0,0,0,0,0,0,0
248,Ecuador,2018,0,0,0,0,0,0,0
248,Ecuador,2019,1,1,1,1,1,1,1
248,Ecuador,2020,0,0,0,0,0,0,0
469,Egypt,1980,2,0,0,0,0,0,0
469,Egypt,1981,0,0,0,0,0,0,0
469,Egypt,1982,0,0,0,0,0,0,0
469,Egypt,1983,0,0,0,0,0,0,0
469,Egypt,1984,0,0,0,0,0,0,0
469,Egypt,1985,0,0,0,0,0,0,0
469,Egypt,1986,0,0,0,0,0,0,0
469,Egypt,1987,1,1,1,1,1,1,1
469,Egypt,1988,0,0,0,0,0,0,0
469,Egypt,1989,0,0,0,0,0,0,0
469,Egypt,1990,0,0,0,0,0,0,0
469,Egypt,1991,1,1,0,0,1,1,1
469,Egypt,1992,2,0,0,0,0,0,0
469,Egypt,1993,1,1,0,0,0,0,1
469,Egypt,1994,2,0,0,0,0,0,0
469,Egypt,1995,2,0,0,0,0,0,0
469,Egypt,1996,1,1,0,0,0,1,1
469,Egypt,1997,2,0,0,0,0,0,0
469,Egypt,1998,0,0,0,0,0,0,0
469,Egypt,1999,0,0,0,0,0,0,0
469,Egypt,2000,0,0,0,0,0,0,0
469,Egypt,2001,0,0,0,0,0,0,0
469,Egypt,2002,0,0,0,0,0,0,0
469,Egypt,2003,0,0,0,0,0,0,0
469,Egypt,2004,0,0,0,0,0,0,0
469,Egypt,2005,0,0,0,0,0,0,0
469,Egypt,2006,0,0,0,0,0,0,0
469,Egypt,2007,0,0,0,0,0,0,0
469,Egypt,2008,0,0,0,0,0,0,0
469,Egypt,2009,0,0,0,0,0,0,0
469,Egypt,2010,0,0,0,0,0,0,0
469,Egypt,2011,0,0,0,0,0,0,0
469,Egypt,2012,0,0,0,0,0,0,0
469,Egypt,2013,0,0,0,0,0,0,0
469,Egypt,2014,0,0,0,0,0,0,0
469,Egypt,2015,0,0,0,0,0,0,0
469,Egypt,2016,1,1,1,1,1,1,1
469,Egypt,2017,2,0,0,0,0,0,0
469,Egypt,2018,2,0,0,0,0,0,0
469,Egypt,2019,0,0,0,0,0,0,0
469,Egypt,2020,0,0,0,0,0,0,0
253,El Salvador,1980,1,1,0,0,0,0,0
253,El Salvador,1981,0,0,0,0,0,0,0
253,El Salvador,1982,1,1,1,1,1,1,1
253,El Salvador,1983,0,0,0,0,0,0,0
253,El Salvador,1984,0,0,0,0,0,0,0
253,El Salvador,1985,0,0,0,0,0,0,0
253,El Salvador,1986,0,0,0,0,0,0,0
253,El Salvador,1987,0,0,0,0,0,0,0
253,El Salvador,1988,0,0,0,0,0,0,0
253,El Salvador,1989,0,0,0,0,0,0,0
253,El Salvador,1990,1,1,1,1,1,1,1
253,El Salvador,1991,0,0,0,0,0,0,0
253,El Salvador,1992,1,1,0,0,0,0,1
253,El Salvador,1993,1,1,0,0,0,0,0
253,El Salvador,1994,0,0,0,0,0,0,0
253,El Salvador,1995,1,1,0,0,0,0,1
253,El Salvador,1996,0,0,0,0,0,0,0
253,El Salvador,1997,1,1,0,0,0,0,1
253,El Salvador,1998,1,1,0,0,0,0,0
253,El Salvador,1999,2,0,0,0,0,0,0
253,El Salvador,2000,0,0,0,0,0,0,0
253,El Salvador,2001,0,0,0,0,0,0,0
253,El Salvador,2002,0,0,0,0,0,0,0
253,El Salvador,2003,0,0,0,0,0,0,0
253,El Salvador,2004,0,0,0,0,0,0,0
253,El Salvador,2005,0,0,0,0,0,0,0
253,El Salvador,2006,0,0,0,0,0,0,0
253,El Salvador,2007,0,0,0,0,0,0,0
253,El Salvador,2008,0,0,0,0,0,0,0
253,El Salvador,2009,1,1,1,1,1,1,1
253,El Salvador,2010,1,1,0,0,0,0,0
253,El Salvador,2011,2,0,0,0,0,0,0
253,El Salvador,2012,2,0,0,0,0,0,0
253,El Salvador,2013,0,0,0,0,0,0,0
253,El Salvador,2014,0,0,0,0,0,0,0
253,El Salvador,2015,0,0,0,0,0,0,0
253,El Salvador,2016,0,0,0,0,0,0,0
253,El Salvador,2017,0,0,0,0,0,0,0
253,El Salvador,2018,0,0,0,0,0,0,0
253,El Salvador,2019,0,0,0,0,0,0,0
253,El Salvador,2020,0,0,0,0,0,0,0
819,Fiji,1980,,0,0,0,0,0,0
819,Fiji,1981,,0,0,0,0,0,0
819,Fiji,1982,,0,0,0,0,0,0
819,Fiji,1983,,0,0,0,0,0,0
819,Fiji,1984,,0,0,0,0,0,0
819,Fiji,1985,,0,0,0,0,0,0
819,Fiji,1986,,0,0,0,0,0,0
819,Fiji,1987,,0,0,0,0,0,0
819,Fiji,1988,,0,0,0,0,0,0
819,Fiji,1989,,0,0,0,0,0,0
819,Fiji,1990,,0,0,0,0,0,0
819,Fiji,1991,,0,0,0,0,0,0
819,Fiji,1992,,0,0,0,0,0,0
819,Fiji,1993,,0,0,0,0,0,0
819,Fiji,1994,,0,0,0,0,0,0
819,Fiji,1995,,0,0,0,0,0,0
819,Fiji,1996,,0,0,0,0,0,0
819,Fiji,1997,,0,0,0,0,0,0
819,Fiji,1998,,0,0,0,0,0,0
819,Fiji,1999,,0,0,0,0,0,0
819,Fiji,2000,,0,0,0,0,0,0
819,Fiji,2001,,0,0,0,0,0,0
819,Fiji,2002,,0,0,0,0,0,0
819,Fiji,2003,,0,0,0,0,0,0
819,Fiji,2004,,0,0,0,0,0,0
819,Fiji,2005,,0,0,0,0,0,0
819,Fiji,2006,,0,0,0,0,0,0
819,Fiji,2007,,0,0,0,0,0,0
819,Fiji,2008,,0,0,0,0,0,0
819,Fiji,2009,,0,0,0,0,0,0
819,Fiji,2010,,0,0,0,0,0,0
819,Fiji,2011,,0,0,0,0,0,0
819,Fiji,2012,,0,0,0,0,0,0
819,Fiji,2013,,0,0,0,0,0,0
819,Fiji,2014,,0,0,0,0,0,0
819,Fiji,2015,,0,0,0,0,0,0
819,Fiji,2016,,0,0,0,0,0,0
819,Fiji,2017,,0,0,0,0,0,0
819,Fiji,2018,,0,0,0,0,0,0
819,Fiji,2019,,0,0,0,0,0,0
819,Fiji,2020,,0,0,0,0,0,0
915,Georgia,1980,0,0,0,0,0,0,0
915,Georgia,1981,0,0,0,0,0,0,0
915,Georgia,1982,0,0,0,0,0,0,0
915,Georgia,1983,0,0,0,0,0,0,0
915,Georgia,1984,0,0,0,0,0,0,0
915,Georgia,1985,0,0,0,0,0,0,0
915,Georgia,1986,0,0,0,0,0,0,0
915,Georgia,1987,0,0,0,0,0,0,0
915,Georgia,1988,0,0,0,0,0,0,0
915,Georgia,1989,0,0,0,0,0,0,0
915,Georgia,1990,0,0,0,0,0,0,0
915,Georgia,1991,0,0,0,0,0,0,0
915,Georgia,1992,0,0,0,0,0,0,0
915,Georgia,1993,0,0,0,0,0,0,0
915,Georgia,1994,0,0,0,0,0,0,0
915,Georgia,1995,1,1,1,1,1,1,1
915,Georgia,1996,1,1,0,0,0,0,0
915,Georgia,1997,2,0,0,0,0,0,0
915,Georgia,1998,2,0,0,0,0,0,0
915,Georgia,1999,0,0,0,0,0,0,0
915,Georgia,2000,0,0,0,0,0,0,0
915,Georgia,2001,1,1,0,1,1,1,1
915,Georgia,2002,2,0,0,0,0,0,0
915,Georgia,2003,2,0,0,0,0,0,0
915,Georgia,2004,1,1,0,0,0,1,1
915,Georgia,2005,2,0,0,0,0,0,0
915,Georgia,2006,2,0,0,0,0,0,0
915,Georgia,2007,0,0,0,0,0,0,0
915,Georgia,2008,1,1,0,0,1,1,1
915,Georgia,2009,2,0,0,0,0,0,0
915,Georgia,2010,2,0,0,0,0,0,0
915,Georgia,2011,0,0,0,0,0,0,0
915,Georgia,2012,1,1,0,0,1,1,1
915,Georgia,2013,2,0,0,0,0,0,0
915,Georgia,2014,1,1,0,0,0,0,1
915,Georgia,2015,2,0,0,0,0,0,0
915,Georgia,2016,2,0,0,0,0,0,0
915,Georgia,2017,1,1,0,0,0,1,1
915,Georgia,2018,2,0,0,0,0,0,0
915,Georgia,2019,2,0,0,0,0,0,0
915,Georgia,2020,2,0,0,0,0,0,0
258,Guatemala,1980,0,0,0,0,0,0,0
258,Guatemala,1981,1,1,1,1,1,1,1
258,Guatemala,1982,0,0,0,0,0,0,0
258,Guatemala,1983,1,1,0,0,0,0,1
258,Guatemala,1984,0,0,0,0,0,0,0
258,Guatemala,1985,0,0,0,0,0,0,0
258,Guatemala,1986,0,0,0,0,0,0,0
258,Guatemala,1987,0,0,0,0,0,0,0
258,Guatemala,1988,1,1,0,1,1,1,1
258,Guatemala,1989,2,0,0,0,0,0,0
258,Guatemala,1990,0,0,0,0,0,0,0
258,Guatemala,1991,0,0,0,0,0,0,0
258,Guatemala,1992,1,1,0,0,1,1,1
258,Guatemala,1993,2,0,0,0,0,0,0
258,Guatemala,1994,0,0,0,0,0,0,0
258,Guatemala,1995,0,0,0,0,0,0,0
258,Guatemala,1996,0,0,0,0,0,0,0
258,Guatemala,1997,0,0,0,0,0,0,0
258,Guatemala,1998,0,0,0,0,0,0,0
258,Guatemala,1999,0,0,0,0,0,0,0
258,Guatemala,2000,0,0,0,0,0,0,0
258,Guatemala,2001,0,0,0,0,0,0,0
258,Guatemala,2002,1,1,1,1,1,1,1
258,Guatemala,2003,1,1,0,0,0,0,0
258,Guatemala,2004,0,0,0,0,0,0,0
258,Guatemala,2005,0,0,0,0,0,0,0
258,Guatemala,2006,0,0,0,0,0,0,0
258,Guatemala,2007,0,0,0,0,0,0,0
258,Guatemala,2008,0,0,0,0,0,0,0
258,Guatemala,2009,1,1,1,1,1,1,1
258,Guatemala,2010,0,0,0,0,0,0,0
258,Guatemala,2011,0,0,0,0,0,0,0
258,Guatemala,2012,0,0,0,0,0,0,0
258,Guatemala,2013,0,0,0,0,0,0,0
258,Guatemala,2014,0,0,0,0,0,0,0
258,Guatemala,2015,0,0,0,0,0,0,0
258,Guatemala,2016,0,0,0,0,0,0,0
258,Guatemala,2017,0,0,0,0,0,0,0
258,Guatemala,2018,0,0,0,0,0,0,0
258,Guatemala,2019,0,0,0,0,0,0,0
258,Guatemala,2020,0,0,0,0,0,0,0
944,Hungary,1980,0,0,0,0,0,0,0
944,Hungary,1981,0,0,0,0,0,0,0
944,Hungary,1982,1,1,1,1,1,1,1
944,Hungary,1983,2,0,0,0,0,0,0
944,Hungary,1984,1,1,0,0,0,0,1
944,Hungary,1985,0,0,0,0,0,0,0
944,Hungary,1986,0,0,0,0,0,0,0
944,Hungary,1987,0,0,0,0,0,0,0
944,Hungary,1988,1,1,0,0,1,1,1
944,Hungary,1989,0,0,0,0,0,0,0
944,Hungary,1990,1,1,0,0,0,0,1
944,Hungary,1991,1,1,0,0,0,0,0
944,Hungary,1992,2,0,0,0,0,0,0
944,Hungary,1993,1,1,0,0,0,0,1
944,Hungary,1994,0,0,0,0,0,0,0
944,Hungary,1995,0,0,0,0,0,0,0
944,Hungary,1996,1,1,0,0,0,1,1
944,Hungary,1997,2,0,0,0,0,0,0
944,Hungary,1998,0,0,0,0,0,0,0
944,Hungary,1999,0,0,0,0,0,0,0
944,Hungary,2000,0,0,0,0,0,0,0
944,Hungary,2001,0,0,0,0,0,0,0
944,Hungary,2002,0,0,0,0,0,0,0
944,Hungary,2003,0,0,0,0,0,0,0
944,Hungary,2004,0,0,0,0,0,0,0
944,Hungary,2005,0,0,0,0,0,0,0
944,Hungary,2006,0,0,0,0,0,0,0
944,Hungary,2007,0,0,0,0,0,0,0
944,Hungary,2008,1,1,1,1,1,1,1
944,Hungary,2009,2,0,0,0,0,0,0
944,Hungary,2010,0,0,0,0,0,0,0
944,Hungary,2011,0,0,0,0,0,0,0
944,Hungary,2012,0,0,0,0,0,0,0
944,Hungary,2013,0,0,0,0,0,0,0
944,Hungary,2014,0,0,0,0,0,0,0
944,Hungary,2015,0,0,0,0,0,0,0
944,Hungary,2016,0,0,0,0,0,0,0
944,Hungary,2017,0,0,0,0,0,0,0
944,Hungary,2018,0,0,0,0,0,0,0
944,Hungary,2019,0,0,0,0,0,0,0
944,Hungary,2020,0,0,0,0,0,0,0
534,India,1980,0,0,0,0,0,0,0
534,India,1981,1,1,1,1,1,1,1
534,India,1982,2,0,0,0,0,0,0
534,India,1983,2,0,0,0,0,0,0
534,India,1984,0,0,0,0,0,0,0
534,India,1985,0,0,0,0,0,0,0
534,India,1986,0,0,0,0,0,0,0
534,India,1987,0,0,0,0,0,0,0
534,India,1988,0,0,0,0,0,0,0
534,India,1989,0,0,0,0,0,0,0
534,India,1990,0,0,0,0,0,0,0
534,India,1991,1,1,1,1,1,1,1
534,India,1992,2,0,0,0,0,0,0
534,India,1993,0,0,0,0,0,0,0
534,India,1994,0,0,0,0,0,0,0
534,India,1995,0,0,0,0,0,0,0
534,India,1996,0,0,0,0,0,0,0
534,India,1997,0,0,0,0,0,0,0
534,India,1998,0,0,0,0,0,0,0
534,India,1999,0,0,0,0,0,0,0
534,India,2000,0,0,0,0,0,0,0
534,India,2001,0,0,0,0,0,0,0
534,India,2002,0,0,0,0,0,0,0
534,India,2003,0,0,0,0,0,0,0
534,India,2004,0,0,0,0,0,0,0
534,India,2005,0,0,0,0,0,0,0
534,India,2006,0,0,0,0,0,0,0
534,India,2007,0,0,0,0,0,0,0
534,India,2008,0,0,0,0,0,0,0
534,India,2009,0,0,0,0,0,0,0
534,India,2010,0,0,0,0,0,0,0
534,India,2011,0,0,0,0,0,0,0
534,India,2012,0,0,0,0,0,0,0
534,India,2013,0,0,0,0,0,0,0
534,India,2014,0,0,0,0,0,0,0
534,India,2015,0,0,0,0,0,0,0
534,India,2016,0,0,0,0,0,0,0
534,India,2017,0,0,0,0,0,0,0
534,India,2018,0,0,0,0,0,0,0
534,India,2019,0,0,0,0,0,0,0
534,India,2020,0,0,0,0,0,0,0
536,Indonesia,1980,0,0,0,0,0,0,0
536,Indonesia,1981,0,0,0,0,0,0,0
536,Indonesia,1982,0,0,0,0,0,0,0
536,Indonesia,1983,0,0,0,0,0,0,0
536,Indonesia,1984,0,0,0,0,0,0,0
536,Indonesia,1985,0,0,0,0,0,0,0
536,Indonesia,1986,0,0,0,0,0,0,0
536,Indonesia,1987,0,0,0,0,0,0,0
536,Indonesia,1988,0,0,0,0,0,0,0
536,Indonesia,1989,0,0,0,0,0,0,0
536,Indonesia,1990,0,0,0,0,0,0,0
536,Indonesia,1991,0,0,0,0,0,0,0
536,Indonesia,1992,0,0,0,0,0,0,0
536,Indonesia,1993,0,0,0,0,0,0,0
536,Indonesia,1994,0,0,0,0,0,0,0
536,Indonesia,1995,0,0,0,0,0,0,0
536,Indonesia,1996,0,0,0,0,0,0,0
536,Indonesia,1997,1,1,1,1,1,1,1
536,Indonesia,1998,1,1,0,0,0,0,0
536,Indonesia,1999,2,0,0,0,0,0,0
536,Indonesia,2000,1,1,0,0,0,0,1
536,Indonesia,2001,2,0,0,0,0,0,0
536,Indonesia,2002,2,0,0,0,0,0,0
536,Indonesia,2003,0,0,0,0,0,0,0
536,Indonesia,2004,0,0,0,0,0,0,0
536,Indonesia,2005,0,0,0,0,0,0,0
536,Indonesia,2006,0,0,0,0,0,0,0
536,Indonesia,2007,0,0,0,0,0,0,0
536,Indonesia,2008,0,0,0,0,0,0,0
536,Indonesia,2009,0,0,0,0,0,0,0
536,Indonesia,2010,0,0,0,0,0,0,0
536,Indonesia,2011,0,0,0,0,0,0,0
536,Indonesia,2012,0,0,0,0,0,0,0
536,Indonesia,2013,0,0,0,0,0,0,0
536,Indonesia,2014,0,0,0,0,0,0,0
536,Indonesia,2015,0,0,0,0,0,0,0
536,Indonesia,2016,0,0,0,0,0,0,0
536,Indonesia,2017,0,0,0,0,0,0,0
536,Indonesia,2018,0,0,0,0,0,0,0
536,Indonesia,2019,0,0,0,0,0,0,0
536,Indonesia,2020,0,0,0,0,0,0,0
343,Jamaica,1980,2,0,0,0,0,0,0
343,Jamaica,1981,1,1,1,1,1,1,1
343,Jamaica,1982,2,0,0,0,0,0,0
343,Jamaica,1983,2,0,0,0,0,0,0
343,Jamaica,1984,1,1,0,0,0,1,1
343,Jamaica,1985,1,1,0,0,0,0,0
343,Jamaica,1986,0,0,0,0,0,0,0
343,Jamaica,1987,1,1,0,0,0,0,1
343,Jamaica,1988,1,1,0,0,0,0,0
343,Jamaica,1989,2,0,0,0,0,0,0
343,Jamaica,1990,1,1,0,0,0,0,1
343,Jamaica,1991,1,1,0,0,0,0,0
343,Jamaica,1992,1,1,0,0,0,0,0
343,Jamaica,1993,2,0,0,0,0,0,0
343,Jamaica,1994,2,0,0,0,0,0,0
343,Jamaica,1995,2,0,0,0,0,0,0
343,Jamaica,1996,0,0,0,0,0,0,0
343,Jamaica,1997,0,0,0,0,0,0,0
343,Jamaica,1998,0,0,0,0,0,0,0
343,Jamaica,1999,0,0,0,0,0,0,0
343,Jamaica,2000,0,0,0,0,0,0,0
343,Jamaica,2001,0,0,0,0,0,0,0
343,Jamaica,2002,0,0,0,0,0,0,0
343,Jamaica,2003,0,0,0,0,0,0,0
343,Jamaica,2004,0,0,0,0,0,0,0
343,Jamaica,2005,0,0,0,0,0,0,0
343,Jamaica,2006,0,0,0,0,0,0,0
343,Jamaica,2007,0,0,0,0,0,0,0
343,Jamaica,2008,0,0,0,0,0,0,0
343,Jamaica,2009,0,0,0,0,0,0,0
343,Jamaica,2010,1,1,1,1,1,1,1
343,Jamaica,2011,2,0,0,0,0,0,0
343,Jamaica,2012,0,0,0,0,0,0,0
343,Jamaica,2013,1,1,0,0,0,1,1
343,Jamaica,2014,2,0,0,0,0,0,0
343,Jamaica,2015,2,0,0,0,0,0,0
343,Jamaica,2016,1,1,0,0,0,1,1
343,Jamaica,2017,2,0,0,0,0,0,0
343,Jamaica,2018,2,0,0,0,0,0,0
343,Jamaica,2019,0,0,0,0,0,0,0
343,Jamaica,2020,0,0,0,0,0,0,0
439,Jordan,1980,0,0,0,0,0,0,0
439,Jordan,1981,0,0,0,0,0,0,0
439,Jordan,1982,0,0,0,0,0,0,0
439,Jordan,1983,0,0,0,0,0,0,0
439,Jordan,1984,0,0,0,0,0,0,0
439,Jordan,1985,0,0,0,0,0,0,0
439,Jordan,1986,0,0,0,0,0,0,0
439,Jordan,1987,0,0,0,0,0,0,0
439,Jordan,1988,0,0,0,0,0,0,0
439,Jordan,1989,1,1,1,1,1,1,1
439,Jordan,1990,2,0,0,0,0,0,0
439,Jordan,1991,0,0,0,0,0,0,0
439,Jordan,1992,1,1,0,0,0,1,1
439,Jordan,1993,2,0,0,0,0,0,0
439,Jordan,1994,1,1,0,0,0,0,1
439,Jordan,1995,2,0,0,0,0,0,0
439,Jordan,1996,1,1,0,0,0,0,1
439,Jordan,1997,2,0,0,0,0,0,0
439,Jordan,1998,2,0,0,0,0,0,0
439,Jordan,1999,1,1,0,0,0,1,1
439,Jordan,2000,2,0,0,0,0,0,0
439,Jordan,2001,2,0,0,0,0,0,0
439,Jordan,2002,1,1,0,0,0,1,1
439,Jordan,2003,2,0,0,0,0,0,0
439,Jordan,2004,0,0,0,0,0,0,0
439,Jordan,2005,0,0,0,0,0,0,0
439,Jordan,2006,0,0,0,0,0,0,0
439,Jordan,2007,0,0,0,0,0,0,0
439,Jordan,2008,0,0,0,0,0,0,0
439,Jordan,2009,0,0,0,0,0,0,0
439,Jordan,2010,0,0,0,0,0,0,0
439,Jordan,2011,0,0,0,0,0,0,0
439,Jordan,2012,1,1,1,1,1,1,1
439,Jordan,2013,2,0,0,0,0,0,0
439,Jordan,2014,2,0,0,0,0,0,0
439,Jordan,2015,0,0,0,0,0,0,0
439,Jordan,2016,1,1,0,0,1,1,1
439,Jordan,2017,2,0,0,0,0,0,0
439,Jordan,2018,2,0,0,0,0,0,0
439,Jordan,2019,2,0,0,0,0,0,0
439,Jordan,2020,1,1,0,0,1,1,1
916,Kazakhstan,1980,0,0,0,0,0,0,0
916,Kazakhstan,1981,0,0,0,0,0,0,0
916,Kazakhstan,1982,0,0,0,0,0,0,0
916,Kazakhstan,1983,0,0,0,0,0,0,0
916,Kazakhstan,1984,0,0,0,0,0,0,0
916,Kazakhstan,1985,0,0,0,0,0,0,0
916,Kazakhstan,1986,0,0,0,0,0,0,0
916,Kazakhstan,1987,0,0,0,0,0,0,0
916,Kazakhstan,1988,0,0,0,0,0,0,0
916,Kazakhstan,1989,0,0,0,0,0,0,0
916,Kazakhstan,1990,0,0,0,0,0,0,0
916,Kazakhstan,1991,0,0,0,0,0,0,0
916,Kazakhstan,1992,0,0,0,0,0,0,0
916,Kazakhstan,1993,0,0,0,0,0,0,0
916,Kazakhstan,1994,1,1,1,1,1,1,1
916,Kazakhstan,1995,1,1,0,0,0,0,0
916,Kazakhstan,1996,1,1,0,0,0,0,0
916,Kazakhstan,1997,2,0,0,0,0,0,0
916,Kazakhstan,1998,2,0,0,0,0,0,0
916,Kazakhstan,1999,1,1,0,0,0,1,1
916,Kazakhstan,2000,2,0,0,0,0,0,0
916,Kazakhstan,2001,2,0,0,0,0,0,0
916,Kazakhstan,2002,0,0,0,0,0,0,0
916,Kazakhstan,2003,0,0,0,0,0,0,0
916,Kazakhstan,2004,0,0,0,0,0,0,0
916,Kazakhstan,2005,0,0,0,0,0,0,0
916,Kazakhstan,2006,0,0,0,0,0,0,0
916,Kazakhstan,2007,0,0,0,0,0,0,0
916,Kazakhstan,2008,0,0,0,0,0,0,0
916,Kazakhstan,2009,0,0,0,0,0,0,0
916,Kazakhstan,2010,0,0,0,0,0,0,0
916,Kazakhstan,2011,0,0,0,0,0,0,0
916,Kazakhstan,2012,0,0,0,0,0,0,0
916,Kazakhstan,2013,0,0,0,0,0,0,0
916,Kazakhstan,2014,0,0,0,0,0,0,0
916,Kazakhstan,2015,0,0,0,0,0,0,0
916,Kazakhstan,2016,0,0,0,0,0,0,0
916,Kazakhstan,2017,0,0,0,0,0,0,0
916,Kazakhstan,2018,0,0,0,0,0,0,0
916,Kazakhstan,2019,0,0,0,0,0,0,0
916,Kazakhstan,2020,0,0,0,0,0,0,0
941,Latvia,1980,0,0,0,0,0,0,0
941,Latvia,1981,0,0,0,0,0,0,0
941,Latvia,1982,0,0,0,0,0,0,0
941,Latvia,1983,0,0,0,0,0,0,0
941,Latvia,1984,0,0,0,0,0,0,0
941,Latvia,1985,0,0,0,0,0,0,0
941,Latvia,1986,0,0,0,0,0,0,0
941,Latvia,1987,0,0,0,0,0,0,0
941,Latvia,1988,0,0,0,0,0,0,0
941,Latvia,1989,0,0,0,0,0,0,0
941,Latvia,1990,0,0,0,0,0,0,0
941,Latvia,1991,0,0,0,0,0,0,0
941,Latvia,1992,1,1,1,1,1,1,1
941,Latvia,1993,1,1,0,0,0,0,0
941,Latvia,1994,2,0,0,0,0,0,0
941,Latvia,1995,1,1,0,0,0,0,1
941,Latvia,1996,1,1,0,0,0,0,0
941,Latvia,1997,1,1,0,0,0,0,0
941,Latvia,1998,2,0,0,0,0,0,0
941,Latvia,1999,1,1,0,0,0,0,1
941,Latvia,2000,2,0,0,0,0,0,0
941,Latvia,2001,1,1,0,0,0,0,1
941,Latvia,2002,0,0,0,0,0,0,0
941,Latvia,2003,0,0,0,0,0,0,0
941,Latvia,2004,0,0,0,0,0,0,0
941,Latvia,2005,0,0,0,0,0,0,0
941,Latvia,2006,0,0,0,0,0,0,0
941,Latvia,2007,0,0,0,0,0,0,0
941,Latvia,2008,1,1,1,1,1,1,1
941,Latvia,2009,2,0,0,0,0,0,0
941,Latvia,2010,2,0,0,0,0,0,0
941,Latvia,2011,0,0,0,0,0,0,0
941,Latvia,2012,0,0,0,0,0,0,0
941,Latvia,2013,0,0,0,0,0,0,0
941,Latvia,2014,0,0,0,0,0,0,0
941,Latvia,2015,0,0,0,0,0,0,0
941,Latvia,2016,0,0,0,0,0,0,0
941,Latvia,2017,0,0,0,0,0,0,0
941,Latvia,2018,0,0,0,0,0,0,0
941,Latvia,2019,0,0,0,0,0,0,0
941,Latvia,2020,0,0,0,0,0,0,0
446,Lebanon,1980,0,0,0,0,0,0,0
446,Lebanon,1981,0,0,0,0,0,0,0
446,Lebanon,1982,0,0,0,0,0,0,0
446,Lebanon,1983,0,0,0,0,0,0,0
446,Lebanon,1984,0,0,0,0,0,0,0
446,Lebanon,1985,0,0,0,0,0,0,0
446,Lebanon,1986,0,0,0,0,0,0,0
446,Lebanon,1987,0,0,0,0,0,0,0
446,Lebanon,1988,0,0,0,0,0,0,0
446,Lebanon,1989,0,0,0,0,0,0,0
446,Lebanon,1990,0,0,0,0,0,0,0
446,Lebanon,1991,0,0,0,0,0,0,0
446,Lebanon,1992,0,0,0,0,0,0,0
446,Lebanon,1993,0,0,0,0,0,0,0
446,Lebanon,1994,0,0,0,0,0,0,0
446,Lebanon,1995,0,0,0,0,0,0,0
446,Lebanon,1996,0,0,0,0,0,0,0
446,Lebanon,1997,0,0,0,0,0,0,0
446,Lebanon,1998,0,0,0,0,0,0,0
446,Lebanon,1999,0,0,0,0,0,0,0
446,Lebanon,2000,0,0,0,0,0,0,0
446,Lebanon,2001,0,0,0,0,0,0,0
446,Lebanon,2002,0,0,0,0,0,0,0
446,Lebanon,2003,0,0,0,0,0,0,0
446,Lebanon,2004,0,0,0,0,0,0,0
446,Lebanon,2005,0,0,0,0,0,0,0
446,Lebanon,2006,0,0,0,0,0,0,0
446,Lebanon,2007,0,0,0,0,0,0,0
446,Lebanon,2008,0,0,0,0,0,0,0
446,Lebanon,2009,0,0,0,0,0,0,0
446,Lebanon,2010,0,0,0,0,0,0,0
446,Lebanon,2011,0,0,0,0,0,0,0
446,Lebanon,2012,0,0,0,0,0,0,0
446,Lebanon,2013,0,0,0,0,0,0,0
446,Lebanon,2014,0,0,0,0,0,0,0
446,Lebanon,2015,0,0,0,0,0,0,0
446,Lebanon,2016,0,0,0,0,0,0,0
446,Lebanon,2017,0,0,0,0,0,0,0
446,Lebanon,2018,0,0,0,0,0,0,0
446,Lebanon,2019,0,0,0,0,0,0,0
446,Lebanon,2020,0,0,0,0,0,0,0
946,Lithuania,1980,0,0,0,0,0,0,0
946,Lithuania,1981,0,0,0,0,0,0,0
946,Lithuania,1982,0,0,0,0,0,0,0
946,Lithuania,1983,0,0,0,0,0,0,0
946,Lithuania,1984,0,0,0,0,0,0,0
946,Lithuania,1985,0,0,0,0,0,0,0
946,Lithuania,1986,0,0,0,0,0,0,0
946,Lithuania,1987,0,0,0,0,0,0,0
946,Lithuania,1988,0,0,0,0,0,0,0
946,Lithuania,1989,0,0,0,0,0,0,0
946,Lithuania,1990,0,0,0,0,0,0,0
946,Lithuania,1991,0,0,0,0,0,0,0
946,Lithuania,1992,1,1,1,1,1,1,1
946,Lithuania,1993,1,1,0,0,0,0,0
946,Lithuania,1994,1,1,0,0,0,0,0
946,Lithuania,1995,2,0,0,0,0,0,0
946,Lithuania,1996,2,0,0,0,0,0,0
946,Lithuania,1997,0,0,0,0,0,0,0
946,Lithuania,1998,0,0,0,0,0,0,0
946,Lithuania,1999,0,0,0,0,0,0,0
946,Lithuania,2000,1,1,1,1,1,1,1
946,Lithuania,2001,1,1,0,0,0,0,0
946,Lithuania,2002,2,0,0,0,0,0,0
946,Lithuania,2003,0,0,0,0,0,0,0
946,Lithuania,2004,0,0,0,0,0,0,0
946,Lithuania,2005,0,0,0,0,0,0,0
946,Lithuania,2006,0,0,0,0,0,0,0
946,Lithuania,2007,0,0,0,0,0,0,0
946,Lithuania,2008,0,0,0,0,0,0,0
946,Lithuania,2009,0,0,0,0,0,0,0
946,Lithuania,2010,0,0,0,0,0,0,0
946,Lithuania,2011,0,0,0,0,0,0,0
946,Lithuania,2012,0,0,0,0,0,0,0
946,Lithuania,2013,0,0,0,0,0,0,0
946,Lithuania,2014,0,0,0,0,0,0,0
946,Lithuania,2015,0,0,0,0,0,0,0
946,Lithuania,2016,0,0,0,0,0,0,0
946,Lithuania,2017,0,0,0,0,0,0,0
946,Lithuania,2018,0,0,0,0,0,0,0
946,Lithuania,2019,0,0,0,0,0,0,0
946,Lithuania,2020,0,0,0,0,0,0,0
962,Macedonia,1980,0,0,0,0,0,0,0
962,Macedonia,1981,0,0,0,0,0,0,0
962,Macedonia,1982,0,0,0,0,0,0,0
962,Macedonia,1983,0,0,0,0,0,0,0
962,Macedonia,1984,0,0,0,0,0,0,0
962,Macedonia,1985,0,0,0,0,0,0,0
962,Macedonia,1986,0,0,0,0,0,0,0
962,Macedonia,1987,0,0,0,0,0,0,0
962,Macedonia,1988,0,0,0,0,0,0,0
962,Macedonia,1989,0,0,0,0,0,0,0
962,Macedonia,1990,0,0,0,0,0,0,0
962,Macedonia,1991,0,0,0,0,0,0,0
962,Macedonia,1992,0,0,0,0,0,0,0
962,Macedonia,1993,0,0,0,0,0,0,0
962,Macedonia,1994,0,0,0,0,0,0,0
962,Macedonia,1995,1,1,1,1,1,1,1
962,Macedonia,1996,0,0,0,0,0,0,0
962,Macedonia,1997,1,1,0,0,0,0,1
962,Macedonia,1998,2,0,0,0,0,0,0
962,Macedonia,1999,2,0,0,0,0,0,0
962,Macedonia,2000,1,1,0,0,0,1,1
962,Macedonia,2001,0,0,0,0,0,0,0
962,Macedonia,2002,0,0,0,0,0,0,0
962,Macedonia,2003,1,1,0,0,0,1,1
962,Macedonia,2004,0,0,0,0,0,0,0
962,Macedonia,2005,1,1,0,0,0,0,1
962,Macedonia,2006,2,0,0,0,0,0,0
962,Macedonia,2007,2,0,0,0,0,0,0
962,Macedonia,2008,0,0,0,0,0,0,0
962,Macedonia,2009,0,0,0,0,0,0,0
962,Macedonia,2010,0,0,0,0,0,0,0
962,Macedonia,2011,1,1,1,1,1,1,1
962,Macedonia,2012,2,0,0,0,0,0,0
962,Macedonia,2013,0,0,0,0,0,0,0
962,Macedonia,2014,0,0,0,0,0,0,0
962,Macedonia,2015,0,0,0,0,0,0,0
962,Macedonia,2016,0,0,0,0,0,0,0
962,Macedonia,2017,0,0,0,0,0,0,0
962,Macedonia,2018,0,0,0,0,0,0,0
962,Macedonia,2019,0,0,0,0,0,0,0
962,Macedonia,2020,0,0,0,0,0,0,0
548,Malaysia,1980,0,0,0,0,0,0,0
548,Malaysia,1981,0,0,0,0,0,0,0
548,Malaysia,1982,0,0,0,0,0,0,0
548,Malaysia,1983,0,0,0,0,0,0,0
548,Malaysia,1984,0,0,0,0,0,0,0
548,Malaysia,1985,0,0,0,0,0,0,0
548,Malaysia,1986,0,0,0,0,0,0,0
548,Malaysia,1987,0,0,0,0,0,0,0
548,Malaysia,1988,0,0,0,0,0,0,0
548,Malaysia,1989,0,0,0,0,0,0,0
548,Malaysia,1990,0,0,0,0,0,0,0
548,Malaysia,1991,0,0,0,0,0,0,0
548,Malaysia,1992,0,0,0,0,0,0,0
548,Malaysia,1993,0,0,0,0,0,0,0
548,Malaysia,1994,0,0,0,0,0,0,0
548,Malaysia,1995,0,0,0,0,0,0,0
548,Malaysia,1996,0,0,0,0,0,0,0
548,Malaysia,1997,0,0,0,0,0,0,0
548,Malaysia,1998,0,0,0,0,0,0,0
548,Malaysia,1999,0,0,0,0,0,0,0
548,Malaysia,2000,0,0,0,0,0,0,0
548,Malaysia,2001,0,0,0,0,0,0,0
548,Malaysia,2002,0,0,0,0,0,0,0
548,Malaysia,2003,0,0,0,0,0,0,0
548,Malaysia,2004,0,0,0,0,0,0,0
548,Malaysia,2005,0,0,0,0,0,0,0
548,Malaysia,2006,0,0,0,0,0,0,0
548,Malaysia,2007,0,0,0,0,0,0,0
548,Malaysia,2008,0,0,0,0,0,0,0
548,Malaysia,2009,0,0,0,0,0,0,0
548,Malaysia,2010,0,0,0,0,0,0,0
548,Malaysia,2011,0,0,0,0,0,0,0
548,Malaysia,2012,0,0,0,0,0,0,0
548,Malaysia,2013,0,0,0,0,0,0,0
548,Malaysia,2014,0,0,0,0,0,0,0
548,Malaysia,2015,0,0,0,0,0,0,0
548,Malaysia,2016,0,0,0,0,0,0,0
548,Malaysia,2017,0,0,0,0,0,0,0
548,Malaysia,2018,0,0,0,0,0,0,0
548,Malaysia,2019,0,0,0,0,0,0,0
548,Malaysia,2020,0,0,0,0,0,0,0
684,Mauritius,1980,1,1,0,0,0,0,0
684,Mauritius,1981,1,1,1,1,1,1,1
684,Mauritius,1982,0,0,0,0,0,0,0
684,Mauritius,1983,1,1,0,0,0,0,1
684,Mauritius,1984,0,0,0,0,0,0,0
684,Mauritius,1985,1,1,0,0,0,0,1
684,Mauritius,1986,0,0,0,0,0,0,0
684,Mauritius,1987,0,0,0,0,0,0,0
684,Mauritius,1988,0,0,0,0,0,0,0
684,Mauritius,1989,0,0,0,0,0,0,0
684,Mauritius,1990,0,0,0,0,0,0,0
684,Mauritius,1991,0,0,0,0,0,0,0
684,Mauritius,1992,0,0,0,0,0,0,0
684,Mauritius,1993,0,0,0,0,0,0,0
684,Mauritius,1994,0,0,0,0,0,0,0
684,Mauritius,1995,0,0,0,0,0,0,0
684,Mauritius,1996,0,0,0,0,0,0,0
684,Mauritius,1997,0,0,0,0,0,0,0
684,Mauritius,1998,0,0,0,0,0,0,0
684,Mauritius,1999,0,0,0,0,0,0,0
684,Mauritius,2000,0,0,0,0,0,0,0
684,Mauritius,2001,0,0,0,0,0,0,0
684,Mauritius,2002,0,0,0,0,0,0,0
684,Mauritius,2003,0,0,0,0,0,0,0
684,Mauritius,2004,0,0,0,0,0,0,0
684,Mauritius,2005,0,0,0,0,0,0,0
684,Mauritius,2006,0,0,0,0,0,0,0
684,Mauritius,2007,0,0,0,0,0,0,0
684,Mauritius,2008,0,0,0,0,0,0,0
684,Mauritius,2009,0,0,0,0,0,0,0
684,Mauritius,2010,0,0,0,0,0,0,0
684,Mauritius,2011,0,0,0,0,0,0,0
684,Mauritius,2012,0,0,0,0,0,0,0
684,Mauritius,2013,0,0,0,0,0,0,0
684,Mauritius,2014,0,0,0,0,0,0,0
684,Mauritius,2015,0,0,0,0,0,0,0
684,Mauritius,2016,0,0,0,0,0,0,0
684,Mauritius,2017,0,0,0,0,0,0,0
684,Mauritius,2018,0,0,0,0,0,0,0
684,Mauritius,2019,0,0,0,0,0,0,0
684,Mauritius,2020,0,0,0,0,0,0,0
273,Mexico,1980,0,0,0,0,0,0,0
273,Mexico,1981,0,0,0,0,0,0,0
273,Mexico,1982,0,0,0,0,0,0,0
273,Mexico,1983,1,1,1,1,1,1,1
273,Mexico,1984,2,0,0,0,0,0,0
273,Mexico,1985,0,0,0,0,0,0,0
273,Mexico,1986,1,1,0,0,0,1,1
273,Mexico,1987,2,0,0,0,0,0,0
273,Mexico,1988,0,0,0,0,0,0,0
273,Mexico,1989,1,1,0,0,0,1,1
273,Mexico,1990,2,0,0,0,0,0,0
273,Mexico,1991,2,0,0,0,0,0,0
273,Mexico,1992,2,0,0,0,0,0,0
273,Mexico,1993,0,0,0,0,0,0,0
273,Mexico,1994,0,0,0,0,0,0,0
273,Mexico,1995,1,1,1,1,1,1,1
273,Mexico,1996,2,0,0,0,0,0,0
273,Mexico,1997,0,0,0,0,0,0,0
273,Mexico,1998,0,0,0,0,0,0,0
273,Mexico,1999,1,1,0,0,1,1,1
273,Mexico,2000,0,0,0,0,0,0,0
273,Mexico,2001,0,0,0,0,0,0,0
273,Mexico,2002,0,0,0,0,0,0,0
273,Mexico,2003,0,0,0,0,0,0,0
273,Mexico,2004,0,0,0,0,0,0,0
273,Mexico,2005,0,0,0,0,0,0,0
273,Mexico,2006,0,0,0,0,0,0,0
273,Mexico,2007,0,0,0,0,0,0,0
273,Mexico,2008,0,0,0,0,0,0,0
273,Mexico,2009,1,1,1,1,1,1,1
273,Mexico,2010,1,1,0,0,0,0,0
273,Mexico,2011,1,1,0,0,0,0,0
273,Mexico,2012,1,1,0,0,0,0,0
273,Mexico,2013,2,0,0,0,0,0,0
273,Mexico,2014,1,1,0,0,0,0,1
273,Mexico,2015,2,0,0,0,0,0,0
273,Mexico,2016,1,1,0,0,0,0,1
273,Mexico,2017,1,1,0,0,0,0,0
273,Mexico,2018,2,0,0,0,0,0,0
273,Mexico,2019,1,1,0,0,0,0,1
273,Mexico,2020,2,0,0,0,0,0,0
943,"Montenegro, Rep. of",1980,0,0,0,0,0,0,0
943,"Montenegro, Rep. of",1981,0,0,0,0,0,0,0
943,"Montenegro, Rep. of",1982,0,0,0,0,0,0,0
943,"Montenegro, Rep. of",1983,0,0,0,0,0,0,0
943,"Montenegro, Rep. of",1984,0,0,0,0,0,0,0
943,"Montenegro, Rep. of",1985,0,0,0,0,0,0,0
943,"Montenegro, Rep. of",1986,0,0,0,0,0,0,0
943,"Montenegro, Rep. of",1987,0,0,0,0,0,0,0
943,"Montenegro, Rep. of",1988,0,0,0,0,0,0,0
943,"Montenegro, Rep. of",1989,0,0,0,0,0,0,0
943,"Montenegro, Rep. of",1990,0,0,0,0,0,0,0
943,"Montenegro, Rep. of",1991,0,0,0,0,0,0,0
943,"Montenegro, Rep. of",1992,0,0,0,0,0,0,0
943,"Montenegro, Rep. of",1993,0,0,0,0,0,0,0
943,"Montenegro, Rep. of",1994,0,0,0,0,0,0,0
943,"Montenegro, Rep. of",1995,0,0,0,0,0,0,0
943,"Montenegro, Rep. of",1996,0,0,0,0,0,0,0
943,"Montenegro, Rep. of",1997,0,0,0,0,0,0,0
943,"Montenegro, Rep. of",1998,0,0,0,0,0,0,0
943,"Montenegro, Rep. of",1999,0,0,0,0,0,0,0
943,"Montenegro, Rep. of",2000,0,0,0,0,0,0,0
943,"Montenegro, Rep. of",2001,0,0,0,0,0,0,0
943,"Montenegro, Rep. of",2002,0,0,0,0,0,0,0
943,"Montenegro, Rep. of",2003,0,0,0,0,0,0,0
943,"Montenegro, Rep. of",2004,0,0,0,0,0,0,0
943,"Montenegro, Rep. of",2005,0,0,0,0,0,0,0
943,"Montenegro, Rep. of",2006,0,0,0,0,0,0,0
943,"Montenegro, Rep. of",2007,0,0,0,0,0,0,0
943,"Montenegro, Rep. of",2008,0,0,0,0,0,0,0
943,"Montenegro, Rep. of",2009,0,0,0,0,0,0,0
943,"Montenegro, Rep. of",2010,0,0,0,0,0,0,0
943,"Montenegro, Rep. of",2011,0,0,0,0,0,0,0
943,"Montenegro, Rep. of",2012,0,0,0,0,0,0,0
943,"Montenegro, Rep. of",2013,0,0,0,0,0,0,0
943,"Montenegro, Rep. of",2014,0,0,0,0,0,0,0
943,"Montenegro, Rep. of",2015,0,0,0,0,0,0,0
943,"Montenegro, Rep. of",2016,0,0,0,0,0,0,0
943,"Montenegro, Rep. of",2017,0,0,0,0,0,0,0
943,"Montenegro, Rep. of",2018,0,0,0,0,0,0,0
943,"Montenegro, Rep. of",2019,0,0,0,0,0,0,0
943,"Montenegro, Rep. of",2020,0,0,0,0,0,0,0
686,Morocco,1980,1,1,0,0,0,0,0
686,Morocco,1981,1,1,1,1,1,1,1
686,Morocco,1982,1,1,0,0,0,0,0
686,Morocco,1983,1,1,0,0,0,0,0
686,Morocco,1984,2,0,0,0,0,0,0
686,Morocco,1985,1,1,0,0,0,0,1
686,Morocco,1986,1,1,0,0,0,0,0
686,Morocco,1987,2,0,0,0,0,0,0
686,Morocco,1988,1,1,0,0,0,0,1
686,Morocco,1989,0,0,0,0,0,0,0
686,Morocco,1990,1,1,0,0,0,0,1
686,Morocco,1991,0,0,0,0,0,0,0
686,Morocco,1992,1,1,0,0,0,0,1
686,Morocco,1993,0,0,0,0,0,0,0
686,Morocco,1994,0,0,0,0,0,0,0
686,Morocco,1995,0,0,0,0,0,0,0
686,Morocco,1996,0,0,0,0,0,0,0
686,Morocco,1997,0,0,0,0,0,0,0
686,Morocco,1998,0,0,0,0,0,0,0
686,Morocco,1999,0,0,0,0,0,0,0
686,Morocco,2000,0,0,0,0,0,0,0
686,Morocco,2001,0,0,0,0,0,0,0
686,Morocco,2002,0,0,0,0,0,0,0
686,Morocco,2003,0,0,0,0,0,0,0
686,Morocco,2004,0,0,0,0,0,0,0
686,Morocco,2005,0,0,0,0,0,0,0
686,Morocco,2006,0,0,0,0,0,0,0
686,Morocco,2007,0,0,0,0,0,0,0
686,Morocco,2008,0,0,0,0,0,0,0
686,Morocco,2009,0,0,0,0,0,0,0
686,Morocco,2010,0,0,0,0,0,0,0
686,Morocco,2011,0,0,0,0,0,0,0
686,Morocco,2012,1,1,1,1,1,1,1
686,Morocco,2013,2,0,0,0,0,0,0
686,Morocco,2014,1,1,0,0,0,0,1
686,Morocco,2015,2,0,0,0,0,0,0
686,Morocco,2016,1,1,0,0,0,0,1
686,Morocco,2017,2,0,0,0,0,0,0
686,Morocco,2018,1,1,0,0,0,0,1
686,Morocco,2019,2,0,0,0,0,0,0
686,Morocco,2020,0,0,0,0,0,0,0
728,Namibia,1980,0,0,0,0,0,0,0
728,Namibia,1981,0,0,0,0,0,0,0
728,Namibia,1982,0,0,0,0,0,0,0
728,Namibia,1983,0,0,0,0,0,0,0
728,Namibia,1984,0,0,0,0,0,0,0
728,Namibia,1985,0,0,0,0,0,0,0
728,Namibia,1986,0,0,0,0,0,0,0
728,Namibia,1987,0,0,0,0,0,0,0
728,Namibia,1988,0,0,0,0,0,0,0
728,Namibia,1989,0,0,0,0,0,0,0
728,Namibia,1990,0,0,0,0,0,0,0
728,Namibia,1991,0,0,0,0,0,0,0
728,Namibia,1992,0,0,0,0,0,0,0
728,Namibia,1993,0,0,0,0,0,0,0
728,Namibia,1994,0,0,0,0,0,0,0
728,Namibia,1995,0,0,0,0,0,0,0
728,Namibia,1996,0,0,0,0,0,0,0
728,Namibia,1997,0,0,0,0,0,0,0
728,Namibia,1998,0,0,0,0,0,0,0
728,Namibia,1999,0,0,0,0,0,0,0
728,Namibia,2000,0,0,0,0,0,0,0
728,Namibia,2001,0,0,0,0,0,0,0
728,Namibia,2002,0,0,0,0,0,0,0
728,Namibia,2003,0,0,0,0,0,0,0
728,Namibia,2004,0,0,0,0,0,0,0
728,Namibia,2005,0,0,0,0,0,0,0
728,Namibia,2006,0,0,0,0,0,0,0
728,Namibia,2007,0,0,0,0,0,0,0
728,Namibia,2008,0,0,0,0,0,0,0
728,Namibia,2009,0,0,0,0,0,0,0
728,Namibia,2010,0,0,0,0,0,0,0
728,Namibia,2011,0,0,0,0,0,0,0
728,Namibia,2012,0,0,0,0,0,0,0
728,Namibia,2013,0,0,0,0,0,0,0
728,Namibia,2014,0,0,0,0,0,0,0
728,Namibia,2015,0,0,0,0,0,0,0
728,Namibia,2016,0,0,0,0,0,0,0
728,Namibia,2017,0,0,0,0,0,0,0
728,Namibia,2018,0,0,0,0,0,0,0
728,Namibia,2019,0,0,0,0,0,0,0
728,Namibia,2020,0,0,0,0,0,0,0
836,Nauru,1980,,0,0,0,0,0,0
836,Nauru,1981,,0,0,0,0,0,0
836,Nauru,1982,,0,0,0,0,0,0
836,Nauru,1983,,0,0,0,0,0,0
836,Nauru,1984,,0,0,0,0,0,0
836,Nauru,1985,,0,0,0,0,0,0
836,Nauru,1986,,0,0,0,0,0,0
836,Nauru,1987,,0,0,0,0,0,0
836,Nauru,1988,,0,0,0,0,0,0
836,Nauru,1989,,0,0,0,0,0,0
836,Nauru,1990,,0,0,0,0,0,0
836,Nauru,1991,,0,0,0,0,0,0
836,Nauru,1992,,0,0,0,0,0,0
836,Nauru,1993,,0,0,0,0,0,0
836,Nauru,1994,,0,0,0,0,0,0
836,Nauru,1995,,0,0,0,0,0,0
836,Nauru,1996,,0,0,0,0,0,0
836,Nauru,1997,,0,0,0,0,0,0
836,Nauru,1998,,0,0,0,0,0,0
836,Nauru,1999,,0,0,0,0,0,0
836,Nauru,2000,,0,0,0,0,0,0
836,Nauru,2001,,0,0,0,0,0,0
836,Nauru,2002,,0,0,0,0,0,0
836,Nauru,2003,,0,0,0,0,0,0
836,Nauru,2004,,0,0,0,0,0,0
836,Nauru,2005,,0,0,0,0,0,0
836,Nauru,2006,,0,0,0,0,0,0
836,Nauru,2007,,0,0,0,0,0,0
836,Nauru,2008,,0,0,0,0,0,0
836,Nauru,2009,,0,0,0,0,0,0
836,Nauru,2010,,0,0,0,0,0,0
836,Nauru,2011,,0,0,0,0,0,0
836,Nauru,2012,,0,0,0,0,0,0
836,Nauru,2013,,0,0,0,0,0,0
836,Nauru,2014,,0,0,0,0,0,0
836,Nauru,2015,,0,0,0,0,0,0
836,Nauru,2016,,0,0,0,0,0,0
836,Nauru,2017,,0,0,0,0,0,0
836,Nauru,2018,,0,0,0,0,0,0
836,Nauru,2019,,0,0,0,0,0,0
836,Nauru,2020,,0,0,0,0,0,0
564,Pakistan,1980,1,1,0,0,0,0,0
564,Pakistan,1981,1,1,1,1,1,1,1
564,Pakistan,1982,2,0,0,0,0,0,0
564,Pakistan,1983,0,0,0,0,0,0,0
564,Pakistan,1984,0,0,0,0,0,0,0
564,Pakistan,1985,0,0,0,0,0,0,0
564,Pakistan,1986,0,0,0,0,0,0,0
564,Pakistan,1987,0,0,0,0,0,0,0
564,Pakistan,1988,1,1,1,1,1,1,1
564,Pakistan,1989,2,0,0,0,0,0,0
564,Pakistan,1990,2,0,0,0,0,0,0
564,Pakistan,1991,0,0,0,0,0,0,0
564,Pakistan,1992,0,0,0,0,0,0,0
564,Pakistan,1993,1,1,0,1,1,1,1
564,Pakistan,1994,1,1,0,0,0,0,0
564,Pakistan,1995,1,1,0,0,0,0,0
564,Pakistan,1996,2,0,0,0,0,0,0
564,Pakistan,1997,1,1,0,0,0,0,1
564,Pakistan,1998,2,0,0,0,0,0,0
564,Pakistan,1999,2,0,0,0,0,0,0
564,Pakistan,2000,1,1,0,0,0,1,1
564,Pakistan,2001,1,1,0,0,0,0,0
564,Pakistan,2002,2,0,0,0,0,0,0
564,Pakistan,2003,2,0,0,0,0,0,0
564,Pakistan,2004,0,0,0,0,0,0,0
564,Pakistan,2005,0,0,0,0,0,0,0
564,Pakistan,2006,0,0,0,0,0,0,0
564,Pakistan,2007,0,0,0,0,0,0,0
564,Pakistan,2008,1,1,1,1,1,1,1
564,Pakistan,2009,2,0,0,0,0,0,0
564,Pakistan,2010,2,0,0,0,0,0,0
564,Pakistan,2011,0,0,0,0,0,0,0
564,Pakistan,2012,0,0,0,0,0,0,0
564,Pakistan,2013,1,1,0,1,1,1,1
564,Pakistan,2014,2,0,0,0,0,0,0
564,Pakistan,2015,2,0,0,0,0,0,0
564,Pakistan,2016,0,0,0,0,0,0,0
564,Pakistan,2017,0,0,0,0,0,0,0
564,Pakistan,2018,0,0,0,0,0,0,0
564,Pakistan,2019,1,1,1,1,1,1,1
564,Pakistan,2020,2,0,0,0,0,0,0
565,Palau,1980,,0,0,0,0,0,0
565,Palau,1981,,0,0,0,0,0,0
565,Palau,1982,,0,0,0,0,0,0
565,Palau,1983,,0,0,0,0,0,0
565,Palau,1984,,0,0,0,0,0,0
565,Palau,1985,,0,0,0,0,0,0
565,Palau,1986,,0,0,0,0,0,0
565,Palau,1987,,0,0,0,0,0,0
565,Palau,1988,,0,0,0,0,0,0
565,Palau,1989,,0,0,0,0,0,0
565,Palau,1990,,0,0,0,0,0,0
565,Palau,1991,,0,0,0,0,0,0
565,Palau,1992,,0,0,0,0,0,0
565,Palau,1993,,0,0,0,0,0,0
565,Palau,1994,,0,0,0,0,0,0
565,Palau,1995,,0,0,0,0,0,0
565,Palau,1996,,0,0,0,0,0,0
565,Palau,1997,,0,0,0,0,0,0
565,Palau,1998,,0,0,0,0,0,0
565,Palau,1999,,0,0,0,0,0,0
565,Palau,2000,,0,0,0,0,0,0
565,Palau,2001,,0,0,0,0,0,0
565,Palau,2002,,0,0,0,0,0,0
565,Palau,2003,,0,0,0,0,0,0
565,Palau,2004,,0,0,0,0,0,0
565,Palau,2005,,0,0,0,0,0,0
565,Palau,2006,,0,0,0,0,0,0
565,Palau,2007,,0,0,0,0,0,0
565,Palau,2008,,0,0,0,0,0,0
565,Palau,2009,,0,0,0,0,0,0
565,Palau,2010,,0,0,0,0,0,0
565,Palau,2011,,0,0,0,0,0,0
565,Palau,2012,,0,0,0,0,0,0
565,Palau,2013,,0,0,0,0,0,0
565,Palau,2014,,0,0,0,0,0,0
565,Palau,2015,,0,0,0,0,0,0
565,Palau,2016,,0,0,0,0,0,0
565,Palau,2017,,0,0,0,0,0,0
565,Palau,2018,,0,0,0,0,0,0
565,Palau,2019,,0,0,0,0,0,0
565,Palau,2020,,0,0,0,0,0,0
283,Panama,1980,1,1,0,0,0,0,0
283,Panama,1981,0,0,0,0,0,0,0
283,Panama,1982,1,1,1,1,1,1,1
283,Panama,1983,1,1,0,0,0,0,0
283,Panama,1984,0,0,0,0,0,0,0
283,Panama,1985,1,1,0,0,0,0,1
283,Panama,1986,2,0,0,0,0,0,0
283,Panama,1987,0,0,0,0,0,0,0
283,Panama,1988,0,0,0,0,0,0,0
283,Panama,1989,0,0,0,0,0,0,0
283,Panama,1990,0,0,0,0,0,0,0
283,Panama,1991,0,0,0,0,0,0,0
283,Panama,1992,1,1,1,1,1,1,1
283,Panama,1993,2,0,0,0,0,0,0
283,Panama,1994,0,0,0,0,0,0,0
283,Panama,1995,1,1,0,0,0,1,1
283,Panama,1996,2,0,0,0,0,0,0
283,Panama,1997,1,1,0,0,0,0,1
283,Panama,1998,2,0,0,0,0,0,0
283,Panama,1999,2,0,0,0,0,0,0
283,Panama,2000,1,1,0,0,0,1,1
283,Panama,2001,2,0,0,0,0,0,0
283,Panama,2002,0,0,0,0,0,0,0
283,Panama,2003,0,0,0,0,0,0,0
283,Panama,2004,0,0,0,0,0,0,0
283,Panama,2005,0,0,0,0,0,0,0
283,Panama,2006,0,0,0,0,0,0,0
283,Panama,2007,0,0,0,0,0,0,0
283,Panama,2008,0,0,0,0,0,0,0
283,Panama,2009,0,0,0,0,0,0,0
283,Panama,2010,0,0,0,0,0,0,0
283,Panama,2011,0,0,0,0,0,0,0
283,Panama,2012,0,0,0,0,0,0,0
283,Panama,2013,0,0,0,0,0,0,0
283,Panama,2014,0,0,0,0,0,0,0
283,Panama,2015,0,0,0,0,0,0,0
283,Panama,2016,0,0,0,0,0,0,0
283,Panama,2017,0,0,0,0,0,0,0
283,Panama,2018,0,0,0,0,0,0,0
283,Panama,2019,0,0,0,0,0,0,0
283,Panama,2020,0,0,0,0,0,0,0
288,Paraguay,1980,0,0,0,0,0,0,0
288,Paraguay,1981,0,0,0,0,0,0,0
288,Paraguay,1982,0,0,0,0,0,0,0
288,Paraguay,1983,0,0,0,0,0,0,0
288,Paraguay,1984,0,0,0,0,0,0,0
288,Paraguay,1985,0,0,0,0,0,0,0
288,Paraguay,1986,0,0,0,0,0,0,0
288,Paraguay,1987,0,0,0,0,0,0,0
288,Paraguay,1988,0,0,0,0,0,0,0
288,Paraguay,1989,0,0,0,0,0,0,0
288,Paraguay,1990,0,0,0,0,0,0,0
288,Paraguay,1991,0,0,0,0,0,0,0
288,Paraguay,1992,0,0,0,0,0,0,0
288,Paraguay,1993,0,0,0,0,0,0,0
288,Paraguay,1994,0,0,0,0,0,0,0
288,Paraguay,1995,0,0,0,0,0,0,0
288,Paraguay,1996,0,0,0,0,0,0,0
288,Paraguay,1997,0,0,0,0,0,0,0
288,Paraguay,1998,0,0,0,0,0,0,0
288,Paraguay,1999,0,0,0,0,0,0,0
288,Paraguay,2000,0,0,0,0,0,0,0
288,Paraguay,2001,0,0,0,0,0,0,0
288,Paraguay,2002,0,0,0,0,0,0,0
288,Paraguay,2003,1,1,1,1,1,1,1
288,Paraguay,2004,2,0,0,0,0,0,0
288,Paraguay,2005,0,0,0,0,0,0,0
288,Paraguay,2006,1,1,0,0,0,1,1
288,Paraguay,2007,2,0,0,0,0,0,0
288,Paraguay,2008,0,0,0,0,0,0,0
288,Paraguay,2009,0,0,0,0,0,0,0
288,Paraguay,2010,0,0,0,0,0,0,0
288,Paraguay,2011,0,0,0,0,0,0,0
288,Paraguay,2012,0,0,0,0,0,0,0
288,Paraguay,2013,0,0,0,0,0,0,0
288,Paraguay,2014,0,0,0,0,0,0,0
288,Paraguay,2015,0,0,0,0,0,0,0
288,Paraguay,2016,0,0,0,0,0,0,0
288,Paraguay,2017,0,0,0,0,0,0,0
288,Paraguay,2018,0,0,0,0,0,0,0
288,Paraguay,2019,0,0,0,0,0,0,0
288,Paraguay,2020,0,0,0,0,0,0,0
293,Peru,1980,0,0,0,0,0,0,0
293,Peru,1981,0,0,0,0,0,0,0
293,Peru,1982,1,1,1,1,1,1,1
293,Peru,1983,2,0,0,0,0,0,0
293,Peru,1984,1,1,0,0,0,0,1
293,Peru,1985,0,0,0,0,0,0,0
293,Peru,1986,0,0,0,0,0,0,0
293,Peru,1987,0,0,0,0,0,0,0
293,Peru,1988,0,0,0,0,0,0,0
293,Peru,1989,0,0,0,0,0,0,0
293,Peru,1990,0,0,0,0,0,0,0
293,Peru,1991,0,0,0,0,0,0,0
293,Peru,1992,0,0,0,0,0,0,0
293,Peru,1993,1,1,1,1,1,1,1
293,Peru,1994,2,0,0,0,0,0,0
293,Peru,1995,2,0,0,0,0,0,0
293,Peru,1996,1,1,0,0,0,1,1
293,Peru,1997,2,0,0,0,0,0,0
293,Peru,1998,2,0,0,0,0,0,0
293,Peru,1999,1,1,0,0,0,1,1
293,Peru,2000,2,0,0,0,0,0,0
293,Peru,2001,1,1,0,0,0,0,1
293,Peru,2002,1,1,0,0,0,0,0
293,Peru,2003,2,0,0,0,0,0,0
293,Peru,2004,1,1,0,0,0,0,1
293,Peru,2005,2,0,0,0,0,0,0
293,Peru,2006,0,0,0,0,0,0,0
293,Peru,2007,1,1,0,0,0,1,1
293,Peru,2008,2,0,0,0,0,0,0
293,Peru,2009,0,0,0,0,0,0,0
293,Peru,2010,0,0,0,0,0,0,0
293,Peru,2011,0,0,0,0,0,0,0
293,Peru,2012,0,0,0,0,0,0,0
293,Peru,2013,0,0,0,0,0,0,0
293,Peru,2014,0,0,0,0,0,0,0
293,Peru,2015,0,0,0,0,0,0,0
293,Peru,2016,0,0,0,0,0,0,0
293,Peru,2017,0,0,0,0,0,0,0
293,Peru,2018,0,0,0,0,0,0,0
293,Peru,2019,0,0,0,0,0,0,0
293,Peru,2020,1,1,1,1,1,1,1
566,Philippines,1980,1,1,0,0,0,0,0
566,Philippines,1981,0,0,0,0,0,0,0
566,Philippines,1982,0,0,0,0,0,0,0
566,Philippines,1983,1,1,1,1,1,1,1
566,Philippines,1984,1,1,0,0,0,0,0
566,Philippines,1985,2,0,0,0,0,0,0
566,Philippines,1986,1,1,0,0,0,0,1
566,Philippines,1987,2,0,0,0,0,0,0
566,Philippines,1988,0,0,0,0,0,0,0
566,Philippines,1989,1,1,0,0,0,1,1
566,Philippines,1990,2,0,0,0,0,0,0
566,Philippines,1991,1,1,0,0,0,0,1
566,Philippines,1992,2,0,0,0,0,0,0
566,Philippines,1993,0,0,0,0,0,0,0
566,Philippines,1994,1,1,0,0,0,1,1
566,Philippines,1995,2,0,0,0,0,0,0
566,Philippines,1996,2,0,0,0,0,0,0
566,Philippines,1997,2,0,0,0,0,0,0
566,Philippines,1998,1,1,0,0,1,1,1
566,Philippines,1999,2,0,0,0,0,0,0
566,Philippines,2000,0,0,0,0,0,0,0
566,Philippines,2001,0,0,0,0,0,0,0
566,Philippines,2002,0,0,0,0,0,0,0
566,Philippines,2003,0,0,0,0,0,0,0
566,Philippines,2004,0,0,0,0,0,0,0
566,Philippines,2005,0,0,0,0,0,0,0
566,Philippines,2006,0,0,0,0,0,0,0
566,Philippines,2007,0,0,0,0,0,0,0
566,Philippines,2008,0,0,0,0,0,0,0
566,Philippines,2009,0,0,0,0,0,0,0
566,Philippines,2010,0,0,0,0,0,0,0
566,Philippines,2011,0,0,0,0,0,0,0
566,Philippines,2012,0,0,0,0,0,0,0
566,Philippines,2013,0,0,0,0,0,0,0
566,Philippines,2014,0,0,0,0,0,0,0
566,Philippines,2015,0,0,0,0,0,0,0
566,Philippines,2016,0,0,0,0,0,0,0
566,Philippines,2017,0,0,0,0,0,0,0
566,Philippines,2018,0,0,0,0,0,0,0
566,Philippines,2019,0,0,0,0,0,0,0
566,Philippines,2020,0,0,0,0,0,0,0
964,Poland,1980,0,0,0,0,0,0,0
964,Poland,1981,0,0,0,0,0,0,0
964,Poland,1982,0,0,0,0,0,0,0
964,Poland,1983,0,0,0,0,0,0,0
964,Poland,1984,0,0,0,0,0,0,0
964,Poland,1985,0,0,0,0,0,0,0
964,Poland,1986,0,0,0,0,0,0,0
964,Poland,1987,0,0,0,0,0,0,0
964,Poland,1988,0,0,0,0,0,0,0
964,Poland,1989,0,0,0,0,0,0,0
964,Poland,1990,1,1,1,1,1,1,1
964,Poland,1991,1,1,0,0,0,0,0
964,Poland,1992,2,0,0,0,0,0,0
964,Poland,1993,1,1,0,0,0,0,1
964,Poland,1994,1,1,0,0,0,0,0
964,Poland,1995,2,0,0,0,0,0,0
964,Poland,1996,0,0,0,0,0,0,0
964,Poland,1997,0,0,0,0,0,0,0
964,Poland,1998,0,0,0,0,0,0,0
964,Poland,1999,0,0,0,0,0,0,0
964,Poland,2000,0,0,0,0,0,0,0
964,Poland,2001,0,0,0,0,0,0,0
964,Poland,2002,0,0,0,0,0,0,0
964,Poland,2003,0,0,0,0,0,0,0
964,Poland,2004,0,0,0,0,0,0,0
964,Poland,2005,0,0,0,0,0,0,0
964,Poland,2006,0,0,0,0,0,0,0
964,Poland,2007,0,0,0,0,0,0,0
964,Poland,2008,0,0,0,0,0,0,0
964,Poland,2009,1,1,1,1,1,1,1
964,Poland,2010,1,1,0,0,0,0,0
964,Poland,2011,1,1,0,0,0,0,0
964,Poland,2012,2,0,0,0,0,0,0
964,Poland,2013,1,1,0,0,0,0,1
964,Poland,2014,2,0,0,0,0,0,0
964,Poland,2015,1,1,0,0,0,0,1
964,Poland,2016,2,0,0,0,0,0,0
964,Poland,2017,1,1,0,0,0,0,1
964,Poland,2018,0,0,0,0,0,0,0
964,Poland,2019,0,0,0,0,0,0,0
964,Poland,2020,0,0,0,0,0,0,0
968,Romania,1980,0,0,0,0,0,0,0
968,Romania,1981,1,1,1,1,1,1,1
968,Romania,1982,2,0,0,0,0,0,0
968,Romania,1983,2,0,0,0,0,0,0
968,Romania,1984,0,0,0,0,0,0,0
968,Romania,1985,0,0,0,0,0,0,0
968,Romania,1986,0,0,0,0,0,0,0
968,Romania,1987,0,0,0,0,0,0,0
968,Romania,1988,0,0,0,0,0,0,0
968,Romania,1989,0,0,0,0,0,0,0
968,Romania,1990,0,0,0,0,0,0,0
968,Romania,1991,1,1,1,1,1,1,1
968,Romania,1992,1,1,0,0,0,0,0
968,Romania,1993,0,0,0,0,0,0,0
968,Romania,1994,1,1,0,0,0,0,1
968,Romania,1995,2,0,0,0,0,0,0
968,Romania,1996,2,0,0,0,0,0,0
968,Romania,1997,1,1,0,0,0,1,1
968,Romania,1998,0,0,0,0,0,0,0
968,Romania,1999,1,1,0,0,0,0,1
968,Romania,2000,2,0,0,0,0,0,0
968,Romania,2001,1,1,0,0,0,0,1
968,Romania,2002,2,0,0,0,0,0,0
968,Romania,2003,0,0,0,0,0,0,0
968,Romania,2004,1,1,0,0,0,1,1
968,Romania,2005,2,0,0,0,0,0,0
968,Romania,2006,0,0,0,0,0,0,0
968,Romania,2007,0,0,0,0,0,0,0
968,Romania,2008,0,0,0,0,0,0,0
968,Romania,2009,1,1,0,1,1,1,1
968,Romania,2010,2,0,0,0,0,0,0
968,Romania,2011,1,1,0,0,0,0,1
968,Romania,2012,2,0,0,0,0,0,0
968,Romania,2013,1,1,0,0,0,0,1
968,Romania,2014,2,0,0,0,0,0,0
968,Romania,2015,0,0,0,0,0,0,0
968,Romania,2016,0,0,0,0,0,0,0
968,Romania,2017,0,0,0,0,0,0,0
968,Romania,2018,0,0,0,0,0,0,0
968,Romania,2019,0,0,0,0,0,0,0
968,Romania,2020,0,0,0,0,0,0,0
922,Russia,1980,0,0,0,0,0,0,0
922,Russia,1981,0,0,0,0,0,0,0
922,Russia,1982,0,0,0,0,0,0,0
922,Russia,1983,0,0,0,0,0,0,0
922,Russia,1984,0,0,0,0,0,0,0
922,Russia,1985,0,0,0,0,0,0,0
922,Russia,1986,0,0,0,0,0,0,0
922,Russia,1987,0,0,0,0,0,0,0
922,Russia,1988,0,0,0,0,0,0,0
922,Russia,1989,0,0,0,0,0,0,0
922,Russia,1990,0,0,0,0,0,0,0
922,Russia,1991,0,0,0,0,0,0,0
922,Russia,1992,1,1,1,1,1,1,1
922,Russia,1993,0,0,0,0,0,0,0
922,Russia,1994,0,0,0,0,0,0,0
922,Russia,1995,1,1,0,0,0,1,1
922,Russia,1996,1,1,0,0,0,0,0
922,Russia,1997,2,0,0,0,0,0,0
922,Russia,1998,2,0,0,0,0,0,0
922,Russia,1999,1,1,0,0,0,1,1
922,Russia,2000,0,0,0,0,0,0,0
922,Russia,2001,0,0,0,0,0,0,0
922,Russia,2002,0,0,0,0,0,0,0
922,Russia,2003,0,0,0,0,0,0,0
922,Russia,2004,0,0,0,0,0,0,0
922,Russia,2005,0,0,0,0,0,0,0
922,Russia,2006,0,0,0,0,0,0,0
922,Russia,2007,0,0,0,0,0,0,0
922,Russia,2008,0,0,0,0,0,0,0
922,Russia,2009,0,0,0,0,0,0,0
922,Russia,2010,0,0,0,0,0,0,0
922,Russia,2011,0,0,0,0,0,0,0
922,Russia,2012,0,0,0,0,0,0,0
922,Russia,2013,0,0,0,0,0,0,0
922,Russia,2014,0,0,0,0,0,0,0
922,Russia,2015,0,0,0,0,0,0,0
922,Russia,2016,0,0,0,0,0,0,0
922,Russia,2017,0,0,0,0,0,0,0
922,Russia,2018,0,0,0,0,0,0,0
922,Russia,2019,0,0,0,0,0,0,0
922,Russia,2020,0,0,0,0,0,0,0
942,Serbia,1980,0,0,0,0,0,0,0
942,Serbia,1981,0,0,0,0,0,0,0
942,Serbia,1982,0,0,0,0,0,0,0
942,Serbia,1983,0,0,0,0,0,0,0
942,Serbia,1984,0,0,0,0,0,0,0
942,Serbia,1985,0,0,0,0,0,0,0
942,Serbia,1986,0,0,0,0,0,0,0
942,Serbia,1987,0,0,0,0,0,0,0
942,Serbia,1988,0,0,0,0,0,0,0
942,Serbia,1989,0,0,0,0,0,0,0
942,Serbia,1990,0,0,0,0,0,0,0
942,Serbia,1991,0,0,0,0,0,0,0
942,Serbia,1992,0,0,0,0,0,0,0
942,Serbia,1993,0,0,0,0,0,0,0
942,Serbia,1994,0,0,0,0,0,0,0
942,Serbia,1995,0,0,0,0,0,0,0
942,Serbia,1996,0,0,0,0,0,0,0
942,Serbia,1997,0,0,0,0,0,0,0
942,Serbia,1998,0,0,0,0,0,0,0
942,Serbia,1999,0,0,0,0,0,0,0
942,Serbia,2000,0,0,0,0,0,0,0
942,Serbia,2001,1,1,1,1,1,1,1
942,Serbia,2002,1,1,0,0,0,0,0
942,Serbia,2003,2,0,0,0,0,0,0
942,Serbia,2004,2,0,0,0,0,0,0
942,Serbia,2005,2,0,0,0,0,0,0
942,Serbia,2006,0,0,0,0,0,0,0
942,Serbia,2007,0,0,0,0,0,0,0
942,Serbia,2008,0,0,0,0,0,0,0
942,Serbia,2009,1,1,1,1,1,1,1
942,Serbia,2010,2,0,0,0,0,0,0
942,Serbia,2011,1,1,0,0,0,0,1
942,Serbia,2012,2,0,0,0,0,0,0
942,Serbia,2013,0,0,0,0,0,0,0
942,Serbia,2014,0,0,0,0,0,0,0
942,Serbia,2015,1,1,0,0,1,1,1
942,Serbia,2016,2,0,0,0,0,0,0
942,Serbia,2017,2,0,0,0,0,0,0
942,Serbia,2018,0,0,0,0,0,0,0
942,Serbia,2019,0,0,0,0,0,0,0
942,Serbia,2020,0,0,0,0,0,0,0
199,South Africa,1980,0,0,0,0,0,0,0
199,South Africa,1981,0,0,0,0,0,0,0
199,South Africa,1982,1,1,1,1,1,1,1
199,South Africa,1983,0,0,0,0,0,0,0
199,South Africa,1984,0,0,0,0,0,0,0
199,South Africa,1985,0,0,0,0,0,0,0
199,South Africa,1986,0,0,0,0,0,0,0
199,South Africa,1987,0,0,0,0,0,0,0
199,South Africa,1988,0,0,0,0,0,0,0
199,South Africa,1989,0,0,0,0,0,0,0
199,South Africa,1990,0,0,0,0,0,0,0
199,South Africa,1991,0,0,0,0,0,0,0
199,South Africa,1992,0,0,0,0,0,0,0
199,South Africa,1993,0,0,0,0,0,0,0
199,South Africa,1994,0,0,0,0,0,0,0
199,South Africa,1995,0,0,0,0,0,0,0
199,South Africa,1996,0,0,0,0,0,0,0
199,South Africa,1997,0,0,0,0,0,0,0
199,South Africa,1998,0,0,0,0,0,0,0
199,South Africa,1999,0,0,0,0,0,0,0
199,South Africa,2000,0,0,0,0,0,0,0
199,South Africa,2001,0,0,0,0,0,0,0
199,South Africa,2002,0,0,0,0,0,0,0
199,South Africa,2003,0,0,0,0,0,0,0
199,South Africa,2004,0,0,0,0,0,0,0
199,South Africa,2005,0,0,0,0,0,0,0
199,South Africa,2006,0,0,0,0,0,0,0
199,South Africa,2007,0,0,0,0,0,0,0
199,South Africa,2008,0,0,0,0,0,0,0
199,South Africa,2009,0,0,0,0,0,0,0
199,South Africa,2010,0,0,0,0,0,0,0
199,South Africa,2011,0,0,0,0,0,0,0
199,South Africa,2012,0,0,0,0,0,0,0
199,South Africa,2013,0,0,0,0,0,0,0
199,South Africa,2014,0,0,0,0,0,0,0
199,South Africa,2015,0,0,0,0,0,0,0
199,South Africa,2016,0,0,0,0,0,0,0
199,South Africa,2017,0,0,0,0,0,0,0
199,South Africa,2018,0,0,0,0,0,0,0
199,South Africa,2019,0,0,0,0,0,0,0
199,South Africa,2020,0,0,0,0,0,0,0
524,Sri Lanka,1980,2,0,0,0,0,0,0
524,Sri Lanka,1981,0,0,0,0,0,0,0
524,Sri Lanka,1982,0,0,0,0,0,0,0
524,Sri Lanka,1983,1,1,1,1,1,1,1
524,Sri Lanka,1984,0,0,0,0,0,0,0
524,Sri Lanka,1985,0,0,0,0,0,0,0
524,Sri Lanka,1986,0,0,0,0,0,0,0
524,Sri Lanka,1987,0,0,0,0,0,0,0
524,Sri Lanka,1988,1,1,0,1,1,1,1
524,Sri Lanka,1989,2,0,0,0,0,0,0
524,Sri Lanka,1990,2,0,0,0,0,0,0
524,Sri Lanka,1991,1,1,0,0,0,1,1
524,Sri Lanka,1992,2,0,0,0,0,0,0
524,Sri Lanka,1993,2,0,0,0,0,0,0
524,Sri Lanka,1994,2,0,0,0,0,0,0
524,Sri Lanka,1995,0,0,0,0,0,0,0
524,Sri Lanka,1996,0,0,0,0,0,0,0
524,Sri Lanka,1997,0,0,0,0,0,0,0
524,Sri Lanka,1998,0,0,0,0,0,0,0
524,Sri Lanka,1999,0,0,0,0,0,0,0
524,Sri Lanka,2000,0,0,0,0,0,0,0
524,Sri Lanka,2001,1,1,1,1,1,1,1
524,Sri Lanka,2002,0,0,0,0,0,0,0
524,Sri Lanka,2003,1,1,0,0,0,0,1
524,Sri Lanka,2004,2,0,0,0,0,0,0
524,Sri Lanka,2005,2,0,0,0,0,0,0
524,Sri Lanka,2006,0,0,0,0,0,0,0
524,Sri Lanka,2007,0,0,0,0,0,0,0
524,Sri Lanka,2008,0,0,0,0,0,0,0
524,Sri Lanka,2009,1,1,1,1,1,1,1
524,Sri Lanka,2010,2,0,0,0,0,0,0
524,Sri Lanka,2011,2,0,0,0,0,0,0
524,Sri Lanka,2012,0,0,0,0,0,0,0
524,Sri Lanka,2013,0,0,0,0,0,0,0
524,Sri Lanka,2014,0,0,0,0,0,0,0
524,Sri Lanka,2015,0,0,0,0,0,0,0
524,Sri Lanka,2016,1,1,1,1,1,1,1
524,Sri Lanka,2017,2,0,0,0,0,0,0
524,Sri Lanka,2018,2,0,0,0,0,0,0
524,Sri Lanka,2019,2,0,0,0,0,0,0
524,Sri Lanka,2020,0,0,0,0,0,0,0
361,St. Kitts and Nevis,1980,,0,0,0,0,0,0
361,St. Kitts and Nevis,1981,,0,0,0,0,0,0
361,St. Kitts and Nevis,1982,,0,0,0,0,0,0
361,St. Kitts and Nevis,1983,,0,0,0,0,0,0
361,St. Kitts and Nevis,1984,,0,0,0,0,0,0
361,St. Kitts and Nevis,1985,,0,0,0,0,0,0
361,St. Kitts and Nevis,1986,,0,0,0,0,0,0
361,St. Kitts and Nevis,1987,,0,0,0,0,0,0
361,St. Kitts and Nevis,1988,,0,0,0,0,0,0
361,St. Kitts and Nevis,1989,,0,0,0,0,0,0
361,St. Kitts and Nevis,1990,,0,0,0,0,0,0
361,St. Kitts and Nevis,1991,,0,0,0,0,0,0
361,St. Kitts and Nevis,1992,,0,0,0,0,0,0
361,St. Kitts and Nevis,1993,,0,0,0,0,0,0
361,St. Kitts and Nevis,1994,,0,0,0,0,0,0
361,St. Kitts and Nevis,1995,,0,0,0,0,0,0
361,St. Kitts and Nevis,1996,,0,0,0,0,0,0
361,St. Kitts and Nevis,1997,,0,0,0,0,0,0
361,St. Kitts and Nevis,1998,,0,0,0,0,0,0
361,St. Kitts and Nevis,1999,,0,0,0,0,0,0
361,St. Kitts and Nevis,2000,,0,0,0,0,0,0
361,St. Kitts and Nevis,2001,,0,0,0,0,0,0
361,St. Kitts and Nevis,2002,,0,0,0,0,0,0
361,St. Kitts and Nevis,2003,,0,0,0,0,0,0
361,St. Kitts and Nevis,2004,,0,0,0,0,0,0
361,St. Kitts and Nevis,2005,,0,0,0,0,0,0
361,St. Kitts and Nevis,2006,,0,0,0,0,0,0
361,St. Kitts and Nevis,2007,,0,0,0,0,0,0
361,St. Kitts and Nevis,2008,,0,0,0,0,0,0
361,St. Kitts and Nevis,2009,,0,0,0,0,0,0
361,St. Kitts and Nevis,2010,,0,0,0,0,0,0
361,St. Kitts and Nevis,2011,,0,0,0,0,0,0
361,St. Kitts and Nevis,2012,,0,0,0,0,0,0
361,St. Kitts and Nevis,2013,,0,0,0,0,0,0
361,St. Kitts and Nevis,2014,,0,0,0,0,0,0
361,St. Kitts and Nevis,2015,,0,0,0,0,0,0
361,St. Kitts and Nevis,2016,,0,0,0,0,0,0
361,St. Kitts and Nevis,2017,,0,0,0,0,0,0
361,St. Kitts and Nevis,2018,,0,0,0,0,0,0
361,St. Kitts and Nevis,2019,,0,0,0,0,0,0
361,St. Kitts and Nevis,2020,,0,0,0,0,0,0
734,Swaziland,1980,,0,0,0,0,0,0
734,Swaziland,1981,,0,0,0,0,0,0
734,Swaziland,1982,,0,0,0,0,0,0
734,Swaziland,1983,,0,0,0,0,0,0
734,Swaziland,1984,,0,0,0,0,0,0
734,Swaziland,1985,,0,0,0,0,0,0
734,Swaziland,1986,,0,0,0,0,0,0
734,Swaziland,1987,,0,0,0,0,0,0
734,Swaziland,1988,,0,0,0,0,0,0
734,Swaziland,1989,,0,0,0,0,0,0
734,Swaziland,1990,,0,0,0,0,0,0
734,Swaziland,1991,,0,0,0,0,0,0
734,Swaziland,1992,,0,0,0,0,0,0
734,Swaziland,1993,,0,0,0,0,0,0
734,Swaziland,1994,,0,0,0,0,0,0
734,Swaziland,1995,,0,0,0,0,0,0
734,Swaziland,1996,,0,0,0,0,0,0
734,Swaziland,1997,,0,0,0,0,0,0
734,Swaziland,1998,,0,0,0,0,0,0
734,Swaziland,1999,,0,0,0,0,0,0
734,Swaziland,2000,,0,0,0,0,0,0
734,Swaziland,2001,,0,0,0,0,0,0
734,Swaziland,2002,,0,0,0,0,0,0
734,Swaziland,2003,,0,0,0,0,0,0
734,Swaziland,2004,,0,0,0,0,0,0
734,Swaziland,2005,,0,0,0,0,0,0
734,Swaziland,2006,,0,0,0,0,0,0
734,Swaziland,2007,,0,0,0,0,0,0
734,Swaziland,2008,,0,0,0,0,0,0
734,Swaziland,2009,,0,0,0,0,0,0
734,Swaziland,2010,,0,0,0,0,0,0
734,Swaziland,2011,,0,0,0,0,0,0
734,Swaziland,2012,,0,0,0,0,0,0
734,Swaziland,2013,,0,0,0,0,0,0
734,Swaziland,2014,,0,0,0,0,0,0
734,Swaziland,2015,,0,0,0,0,0,0
734,Swaziland,2016,,0,0,0,0,0,0
734,Swaziland,2017,,0,0,0,0,0,0
734,Swaziland,2018,,0,0,0,0,0,0
734,Swaziland,2019,,0,0,0,0,0,0
734,Swaziland,2020,,0,0,0,0,0,0
463,Syria,1980,0,0,0,0,0,0,0
463,Syria,1981,0,0,0,0,0,0,0
463,Syria,1982,0,0,0,0,0,0,0
463,Syria,1983,0,0,0,0,0,0,0
463,Syria,1984,0,0,0,0,0,0,0
463,Syria,1985,0,0,0,0,0,0,0
463,Syria,1986,0,0,0,0,0,0,0
463,Syria,1987,0,0,0,0,0,0,0
463,Syria,1988,0,0,0,0,0,0,0
463,Syria,1989,0,0,0,0,0,0,0
463,Syria,1990,0,0,0,0,0,0,0
463,Syria,1991,0,0,0,0,0,0,0
463,Syria,1992,0,0,0,0,0,0,0
463,Syria,1993,0,0,0,0,0,0,0
463,Syria,1994,0,0,0,0,0,0,0
463,Syria,1995,0,0,0,0,0,0,0
463,Syria,1996,0,0,0,0,0,0,0
463,Syria,1997,0,0,0,0,0,0,0
463,Syria,1998,0,0,0,0,0,0,0
463,Syria,1999,0,0,0,0,0,0,0
463,Syria,2000,0,0,0,0,0,0,0
463,Syria,2001,0,0,0,0,0,0,0
463,Syria,2002,0,0,0,0,0,0,0
463,Syria,2003,0,0,0,0,0,0,0
463,Syria,2004,0,0,0,0,0,0,0
463,Syria,2005,0,0,0,0,0,0,0
463,Syria,2006,0,0,0,0,0,0,0
463,Syria,2007,0,0,0,0,0,0,0
463,Syria,2008,0,0,0,0,0,0,0
463,Syria,2009,0,0,0,0,0,0,0
463,Syria,2010,0,0,0,0,0,0,0
463,Syria,2011,0,0,0,0,0,0,0
463,Syria,2012,0,0,0,0,0,0,0
463,Syria,2013,0,0,0,0,0,0,0
463,Syria,2014,0,0,0,0,0,0,0
463,Syria,2015,0,0,0,0,0,0,0
463,Syria,2016,0,0,0,0,0,0,0
463,Syria,2017,0,0,0,0,0,0,0
463,Syria,2018,0,0,0,0,0,0,0
463,Syria,2019,0,0,0,0,0,0,0
463,Syria,2020,0,0,0,0,0,0,0
578,Thailand,1980,0,0,0,0,0,0,0
578,Thailand,1981,1,1,1,1,1,1,1
578,Thailand,1982,1,1,0,0,0,0,0
578,Thailand,1983,0,0,0,0,0,0,0
578,Thailand,1984,0,0,0,0,0,0,0
578,Thailand,1985,1,1,0,0,0,1,1
578,Thailand,1986,0,0,0,0,0,0,0
578,Thailand,1987,0,0,0,0,0,0,0
578,Thailand,1988,0,0,0,0,0,0,0
578,Thailand,1989,0,0,0,0,0,0,0
578,Thailand,1990,0,0,0,0,0,0,0
578,Thailand,1991,0,0,0,0,0,0,0
578,Thailand,1992,0,0,0,0,0,0,0
578,Thailand,1993,0,0,0,0,0,0,0
578,Thailand,1994,0,0,0,0,0,0,0
578,Thailand,1995,0,0,0,0,0,0,0
578,Thailand,1996,0,0,0,0,0,0,0
578,Thailand,1997,1,1,1,1,1,1,1
578,Thailand,1998,2,0,0,0,0,0,0
578,Thailand,1999,2,0,0,0,0,0,0
578,Thailand,2000,0,0,0,0,0,0,0
578,Thailand,2001,0,0,0,0,0,0,0
578,Thailand,2002,0,0,0,0,0,0,0
578,Thailand,2003,0,0,0,0,0,0,0
578,Thailand,2004,0,0,0,0,0,0,0
578,Thailand,2005,0,0,0,0,0,0,0
578,Thailand,2006,0,0,0,0,0,0,0
578,Thailand,2007,0,0,0,0,0,0,0
578,Thailand,2008,0,0,0,0,0,0,0
578,Thailand,2009,0,0,0,0,0,0,0
578,Thailand,2010,0,0,0,0,0,0,0
578,Thailand,2011,0,0,0,0,0,0,0
578,Thailand,2012,0,0,0,0,0,0,0
578,Thailand,2013,0,0,0,0,0,0,0
578,Thailand,2014,0,0,0,0,0,0,0
578,Thailand,2015,0,0,0,0,0,0,0
578,Thailand,2016,0,0,0,0,0,0,0
578,Thailand,2017,0,0,0,0,0,0,0
578,Thailand,2018,0,0,0,0,0,0,0
578,Thailand,2019,0,0,0,0,0,0,0
578,Thailand,2020,0,0,0,0,0,0,0
744,Tunisia,1980,0,0,0,0,0,0,0
744,Tunisia,1981,0,0,0,0,0,0,0
744,Tunisia,1982,0,0,0,0,0,0,0
744,Tunisia,1983,0,0,0,0,0,0,0
744,Tunisia,1984,0,0,0,0,0,0,0
744,Tunisia,1985,0,0,0,0,0,0,0
744,Tunisia,1986,1,1,1,1,1,1,1
744,Tunisia,1987,2,0,0,0,0,0,0
744,Tunisia,1988,1,1,0,0,0,0,1
744,Tunisia,1989,2,0,0,0,0,0,0
744,Tunisia,1990,2,0,0,0,0,0,0
744,Tunisia,1991,2,0,0,0,0,0,0
744,Tunisia,1992,0,0,0,0,0,0,0
744,Tunisia,1993,0,0,0,0,0,0,0
744,Tunisia,1994,0,0,0,0,0,0,0
744,Tunisia,1995,0,0,0,0,0,0,0
744,Tunisia,1996,0,0,0,0,0,0,0
744,Tunisia,1997,0,0,0,0,0,0,0
744,Tunisia,1998,0,0,0,0,0,0,0
744,Tunisia,1999,0,0,0,0,0,0,0
744,Tunisia,2000,0,0,0,0,0,0,0
744,Tunisia,2001,0,0,0,0,0,0,0
744,Tunisia,2002,0,0,0,0,0,0,0
744,Tunisia,2003,0,0,0,0,0,0,0
744,Tunisia,2004,0,0,0,0,0,0,0
744,Tunisia,2005,0,0,0,0,0,0,0
744,Tunisia,2006,0,0,0,0,0,0,0
744,Tunisia,2007,0,0,0,0,0,0,0
744,Tunisia,2008,0,0,0,0,0,0,0
744,Tunisia,2009,0,0,0,0,0,0,0
744,Tunisia,2010,0,0,0,0,0,0,0
744,Tunisia,2011,0,0,0,0,0,0,0
744,Tunisia,2012,0,0,0,0,0,0,0
744,Tunisia,2013,1,1,1,1,1,1,1
744,Tunisia,2014,2,0,0,0,0,0,0
744,Tunisia,2015,0,0,0,0,0,0,0
744,Tunisia,2016,1,1,0,0,0,1,1
744,Tunisia,2017,2,0,0,0,0,0,0
744,Tunisia,2018,2,0,0,0,0,0,0
744,Tunisia,2019,2,0,0,0,0,0,0
744,Tunisia,2020,0,0,0,0,0,0,0
186,Turkey,1980,1,1,0,0,0,0,0
186,Turkey,1981,2,0,0,0,0,0,0
186,Turkey,1982,2,0,0,0,0,0,0
186,Turkey,1983,1,1,1,1,1,1,1
186,Turkey,1984,1,1,0,0,0,0,0
186,Turkey,1985,0,0,0,0,0,0,0
186,Turkey,1986,0,0,0,0,0,0,0
186,Turkey,1987,0,0,0,0,0,0,0
186,Turkey,1988,0,0,0,0,0,0,0
186,Turkey,1989,0,0,0,0,0,0,0
186,Turkey,1990,0,0,0,0,0,0,0
186,Turkey,1991,0,0,0,0,0,0,0
186,Turkey,1992,0,0,0,0,0,0,0
186,Turkey,1993,0,0,0,0,0,0,0
186,Turkey,1994,1,1,1,1,1,1,1
186,Turkey,1995,2,0,0,0,0,0,0
186,Turkey,1996,0,0,0,0,0,0,0
186,Turkey,1997,0,0,0,0,0,0,0
186,Turkey,1998,0,0,0,0,0,0,0
186,Turkey,1999,1,1,0,1,1,1,1
186,Turkey,2000,2,0,0,0,0,0,0
186,Turkey,2001,2,0,0,0,0,0,0
186,Turkey,2002,1,1,0,0,0,1,1
186,Turkey,2003,2,0,0,0,0,0,0
186,Turkey,2004,2,0,0,0,0,0,0
186,Turkey,2005,1,1,0,0,0,1,1
186,Turkey,2006,2,0,0,0,0,0,0
186,Turkey,2007,2,0,0,0,0,0,0
186,Turkey,2008,0,0,0,0,0,0,0
186,Turkey,2009,0,0,0,0,0,0,0
186,Turkey,2010,0,0,0,0,0,0,0
186,Turkey,2011,0,0,0,0,0,0,0
186,Turkey,2012,0,0,0,0,0,0,0
186,Turkey,2013,0,0,0,0,0,0,0
186,Turkey,2014,0,0,0,0,0,0,0
186,Turkey,2015,0,0,0,0,0,0,0
186,Turkey,2016,0,0,0,0,0,0,0
186,Turkey,2017,0,0,0,0,0,0,0
186,Turkey,2018,0,0,0,0,0,0,0
186,Turkey,2019,0,0,0,0,0,0,0
186,Turkey,2020,0,0,0,0,0,0,0
925,Turkmenistan,1980,0,0,0,0,0,0,0
925,Turkmenistan,1981,0,0,0,0,0,0,0
925,Turkmenistan,1982,0,0,0,0,0,0,0
925,Turkmenistan,1983,0,0,0,0,0,0,0
925,Turkmenistan,1984,0,0,0,0,0,0,0
925,Turkmenistan,1985,0,0,0,0,0,0,0
925,Turkmenistan,1986,0,0,0,0,0,0,0
925,Turkmenistan,1987,0,0,0,0,0,0,0
925,Turkmenistan,1988,0,0,0,0,0,0,0
925,Turkmenistan,1989,0,0,0,0,0,0,0
925,Turkmenistan,1990,0,0,0,0,0,0,0
925,Turkmenistan,1991,0,0,0,0,0,0,0
925,Turkmenistan,1992,0,0,0,0,0,0,0
925,Turkmenistan,1993,0,0,0,0,0,0,0
925,Turkmenistan,1994,0,0,0,0,0,0,0
925,Turkmenistan,1995,0,0,0,0,0,0,0
925,Turkmenistan,1996,0,0,0,0,0,0,0
925,Turkmenistan,1997,0,0,0,0,0,0,0
925,Turkmenistan,1998,0,0,0,0,0,0,0
925,Turkmenistan,1999,0,0,0,0,0,0,0
925,Turkmenistan,2000,0,0,0,0,0,0,0
925,Turkmenistan,2001,0,0,0,0,0,0,0
925,Turkmenistan,2002,0,0,0,0,0,0,0
925,Turkmenistan,2003,0,0,0,0,0,0,0
925,Turkmenistan,2004,0,0,0,0,0,0,0
925,Turkmenistan,2005,0,0,0,0,0,0,0
925,Turkmenistan,2006,0,0,0,0,0,0,0
925,Turkmenistan,2007,0,0,0,0,0,0,0
925,Turkmenistan,2008,0,0,0,0,0,0,0
925,Turkmenistan,2009,0,0,0,0,0,0,0
925,Turkmenistan,2010,0,0,0,0,0,0,0
925,Turkmenistan,2011,0,0,0,0,0,0,0
925,Turkmenistan,2012,0,0,0,0,0,0,0
925,Turkmenistan,2013,0,0,0,0,0,0,0
925,Turkmenistan,2014,0,0,0,0,0,0,0
925,Turkmenistan,2015,0,0,0,0,0,0,0
925,Turkmenistan,2016,0,0,0,0,0,0,0
925,Turkmenistan,2017,0,0,0,0,0,0,0
925,Turkmenistan,2018,0,0,0,0,0,0,0
925,Turkmenistan,2019,0,0,0,0,0,0,0
925,Turkmenistan,2020,0,0,0,0,0,0,0
926,Ukraine,1980,0,0,0,0,0,0,0
926,Ukraine,1981,0,0,0,0,0,0,0
926,Ukraine,1982,0,0,0,0,0,0,0
926,Ukraine,1983,0,0,0,0,0,0,0
926,Ukraine,1984,0,0,0,0,0,0,0
926,Ukraine,1985,0,0,0,0,0,0,0
926,Ukraine,1986,0,0,0,0,0,0,0
926,Ukraine,1987,0,0,0,0,0,0,0
926,Ukraine,1988,0,0,0,0,0,0,0
926,Ukraine,1989,0,0,0,0,0,0,0
926,Ukraine,1990,0,0,0,0,0,0,0
926,Ukraine,1991,0,0,0,0,0,0,0
926,Ukraine,1992,0,0,0,0,0,0,0
926,Ukraine,1993,0,0,0,0,0,0,0
926,Ukraine,1994,0,0,0,0,0,0,0
926,Ukraine,1995,1,1,1,1,1,1,1
926,Ukraine,1996,1,1,0,0,0,0,0
926,Ukraine,1997,1,1,0,0,0,0,0
926,Ukraine,1998,1,1,0,0,0,0,0
926,Ukraine,1999,2,0,0,0,0,0,0
926,Ukraine,2000,2,0,0,0,0,0,0
926,Ukraine,2001,2,0,0,0,0,0,0
926,Ukraine,2002,0,0,0,0,0,0,0
926,Ukraine,2003,0,0,0,0,0,0,0
926,Ukraine,2004,1,1,1,1,1,1,1
926,Ukraine,2005,0,0,0,0,0,0,0
926,Ukraine,2006,0,0,0,0,0,0,0
926,Ukraine,2007,0,0,0,0,0,0,0
926,Ukraine,2008,1,1,0,0,1,1,1
926,Ukraine,2009,2,0,0,0,0,0,0
926,Ukraine,2010,1,1,0,0,0,0,1
926,Ukraine,2011,2,0,0,0,0,0,0
926,Ukraine,2012,0,0,0,0,0,0,0
926,Ukraine,2013,0,0,0,0,0,0,0
926,Ukraine,2014,1,1,0,0,1,1,1
926,Ukraine,2015,1,1,0,0,0,0,0
926,Ukraine,2016,2,0,0,0,0,0,0
926,Ukraine,2017,2,0,0,0,0,0,0
926,Ukraine,2018,1,1,0,0,0,1,1
926,Ukraine,2019,2,0,0,0,0,0,0
926,Ukraine,2020,1,1,0,0,0,0,1
298,Uruguay,1980,1,1,0,0,0,0,0
298,Uruguay,1981,1,1,1,1,1,1,1
298,Uruguay,1982,0,0,0,0,0,0,0
298,Uruguay,1983,1,1,0,0,0,0,1
298,Uruguay,1984,2,0,0,0,0,0,0
298,Uruguay,1985,1,1,0,0,0,0,1
298,Uruguay,1986,2,0,0,0,0,0,0
298,Uruguay,1987,0,0,0,0,0,0,0
298,Uruguay,1988,0,0,0,0,0,0,0
298,Uruguay,1989,0,0,0,0,0,0,0
298,Uruguay,1990,1,1,0,1,1,1,1
298,Uruguay,1991,2,0,0,0,0,0,0
298,Uruguay,1992,1,1,0,0,0,0,1
298,Uruguay,1993,0,0,0,0,0,0,0
298,Uruguay,1994,0,0,0,0,0,0,0
298,Uruguay,1995,0,0,0,0,0,0,0
298,Uruguay,1996,1,1,0,0,1,1,1
298,Uruguay,1997,1,1,0,0,0,0,0
298,Uruguay,1998,2,0,0,0,0,0,0
298,Uruguay,1999,1,1,0,0,0,0,1
298,Uruguay,2000,1,1,0,0,0,0,0
298,Uruguay,2001,2,0,0,0,0,0,0
298,Uruguay,2002,1,1,0,0,0,0,1
298,Uruguay,2003,2,0,0,0,0,0,0
298,Uruguay,2004,2,0,0,0,0,0,0
298,Uruguay,2005,1,1,0,0,0,1,1
298,Uruguay,2006,0,0,0,0,0,0,0
298,Uruguay,2007,0,0,0,0,0,0,0
298,Uruguay,2008,0,0,0,0,0,0,0
298,Uruguay,2009,0,0,0,0,0,0,0
298,Uruguay,2010,0,0,0,0,0,0,0
298,Uruguay,2011,0,0,0,0,0,0,0
298,Uruguay,2012,0,0,0,0,0,0,0
298,Uruguay,2013,0,0,0,0,0,0,0
298,Uruguay,2014,0,0,0,0,0,0,0
298,Uruguay,2015,0,0,0,0,0,0,0
298,Uruguay,2016,0,0,0,0,0,0,0
298,Uruguay,2017,0,0,0,0,0,0,0
298,Uruguay,2018,0,0,0,0,0,0,0
298,Uruguay,2019,0,0,0,0,0,0,0
298,Uruguay,2020,0,0,0,0,0,0,0
299,Venezuela,1980,0,0,0,0,0,0,0
299,Venezuela,1981,0,0,0,0,0,0,0
299,Venezuela,1982,0,0,0,0,0,0,0
299,Venezuela,1983,0,0,0,0,0,0,0
299,Venezuela,1984,0,0,0,0,0,0,0
299,Venezuela,1985,0,0,0,0,0,0,0
299,Venezuela,1986,0,0,0,0,0,0,0
299,Venezuela,1987,0,0,0,0,0,0,0
299,Venezuela,1988,0,0,0,0,0,0,0
299,Venezuela,1989,1,1,1,1,1,1,1
299,Venezuela,1990,2,0,0,0,0,0,0
299,Venezuela,1991,2,0,0,0,0,0,0
299,Venezuela,1992,2,0,0,0,0,0,0
299,Venezuela,1993,0,0,0,0,0,0,0
299,Venezuela,1994,0,0,0,0,0,0,0
299,Venezuela,1995,0,0,0,0,0,0,0
299,Venezuela,1996,1,1,1,1,1,1,1
299,Venezuela,1997,0,0,0,0,0,0,0
299,Venezuela,1998,0,0,0,0,0,0,0
299,Venezuela,1999,0,0,0,0,0,0,0
299,Venezuela,2000,0,0,0,0,0,0,0
299,Venezuela,2001,0,0,0,0,0,0,0
299,Venezuela,2002,0,0,0,0,0,0,0
299,Venezuela,2003,0,0,0,0,0,0,0
299,Venezuela,2004,0,0,0,0,0,0,0
299,Venezuela,2005,0,0,0,0,0,0,0
299,Venezuela,2006,0,0,0,0,0,0,0
299,Venezuela,2007,0,0,0,0,0,0,0
299,Venezuela,2008,0,0,0,0,0,0,0
299,Venezuela,2009,0,0,0,0,0,0,0
299,Venezuela,2010,0,0,0,0,0,0,0
299,Venezuela,2011,0,0,0,0,0,0,0
299,Venezuela,2012,0,0,0,0,0,0,0
299,Venezuela,2013,0,0,0,0,0,0,0
299,Venezuela,2014,0,0,0,0,0,0,0
299,Venezuela,2015,0,0,0,0,0,0,0
299,Venezuela,2016,0,0,0,0,0,0,0
299,Venezuela,2017,0,0,0,0,0,0,0
299,Venezuela,2018,0,0,0,0,0,0,0
299,Venezuela,2019,0,0,0,0,0,0,0
299,Venezuela,2020,0,0,0,0,0,0,0
582,Vietnam,1980,0,0,0,0,0,0,0
582,Vietnam,1981,1,1,1,1,1,1,1
582,Vietnam,1982,0,0,0,0,0,0,0
582,Vietnam,1983,0,0,0,0,0,0,0
582,Vietnam,1984,0,0,0,0,0,0,0
582,Vietnam,1985,0,0,0,0,0,0,0
582,Vietnam,1986,0,0,0,0,0,0,0
582,Vietnam,1987,0,0,0,0,0,0,0
582,Vietnam,1988,0,0,0,0,0,0,0
582,Vietnam,1989,0,0,0,0,0,0,0
582,Vietnam,1990,0,0,0,0,0,0,0
582,Vietnam,1991,0,0,0,0,0,0,0
582,Vietnam,1992,0,0,0,0,0,0,0
582,Vietnam,1993,1,1,1,1,1,1,1
582,Vietnam,1994,1,1,0,0,0,0,0
582,Vietnam,1995,2,0,0,0,0,0,0
582,Vietnam,1996,2,0,0,0,0,0,0
582,Vietnam,1997,0,0,0,0,0,0,0
582,Vietnam,1998,0,0,0,0,0,0,0
582,Vietnam,1999,0,0,0,0,0,0,0
582,Vietnam,2000,0,0,0,0,0,0,0
582,Vietnam,2001,1,1,1,1,1,1,1
582,Vietnam,2002,2,0,0,0,0,0,0
582,Vietnam,2003,2,0,0,0,0,0,0
582,Vietnam,2004,0,0,0,0,0,0,0
582,Vietnam,2005,0,0,0,0,0,0,0
582,Vietnam,2006,0,0,0,0,0,0,0
582,Vietnam,2007,0,0,0,0,0,0,0
582,Vietnam,2008,0,0,0,0,0,0,0
582,Vietnam,2009,0,0,0,0,0,0,0
582,Vietnam,2010,0,0,0,0,0,0,0
582,Vietnam,2011,0,0,0,0,0,0,0
582,Vietnam,2012,0,0,0,0,0,0,0
582,Vietnam,2013,0,0,0,0,0,0,0
582,Vietnam,2014,0,0,0,0,0,0,0
582,Vietnam,2015,0,0,0,0,0,0,0
582,Vietnam,2016,0,0,0,0,0,0,0
582,Vietnam,2017,0,0,0,0,0,0,0
582,Vietnam,2018,0,0,0,0,0,0,0
582,Vietnam,2019,0,0,0,0,0,0,0
582,Vietnam,2020,0,0,0,0,0,0,0
