,fed_pos,fed_neg,w2v_pos,w2v_neg,w2v_refined_0_pos,w2v_refined_0_neg,w2v_refined_1_pos,w2v_refined_1_neg,w2v_refined_2_pos,w2v_refined_2_neg
0,able,abrupt,unable,sudden,oblige,sudden,need,sudden,allow,sudden
1,enable,adverse,oblige,dramatic,try,dramatic,allow,dramatic,keen,dramatic
2,adequately,adversely,try,ignominious,need,ignominious,keen,ignominious,enable,ignominious
3,benign,aggravate,need,untimely,eager,untimely,enable,untimely,ability,untimely
4,buoyant,bad,eager,unexpected,allow,unexpected,ability,unexpected,ready,unexpected
5,buoyancy,burden,allow,abruptly,keen,abruptly,ready,abruptly,enough,abruptly
6,comfortable,challenge,keen,precipitous,enable,precipitous,enough,precipitous,able,precipitous
7,confident,closure,enable,sharp,ability,sharp,want,sharp,allow,sharp
8,enhance,contraction,ability,drastic,ready,drastic,wish,drastic,help,drastic
9,favorable,costly,ready,cataclysmic,enough,cataclysmic,incline,cataclysmic,facilitate,cataclysmic
10,favourably,damage,enough,disorderly,want,disorderly,able,disorderly,ensure,disorderly
11,healthy,danger,want,hasty,wish,hasty,allow,hasty,able,hasty
12,improve,deficit,wish,gradual,incline,suddenness,help,suddenness,encourage,suddenness
13,improvement,dent,anxious,suddenness,able,painful,facilitate,painful,assist,painful
14,mitigate,destabilise,incline,painful,allow,abrupt,require,abrupt,complement,abrupt
15,positive,deteriorate,able,abrupt,help,unfavourable,ensure,unfavourable,empower,unfavourable
16,positively,deterioration,allow,unfavourable,facilitate,unfavorable,able,unfavorable,incentivise,unfavorable
17,profits,deterioration,help,unfavorable,require,negative,encourage,negative,enable,negative
18,rebound,difficult,facilitate,favourable,ensure,currency_fluctuation,assist,currency_fluctuation,properly,currency_fluctuation
19,recover,discourage,require,negative,able,unforeseen,complement,unforeseen,adequate,unforeseen
20,recovery,downgrade,ensure,currency_fluctuation,encourage,adversely,empower,adversely,sufficiently_robust,adversely
21,resilience,drag,able,unforeseen,assist,worsen,need,worsen,appropriately,worsen
22,resilient,erode,encourage,adversely,complement,severe,incentivise,severe,fully,severe
23,solid,erosion,assist,worsen,empower,unforeseeable,seek,unforeseeable,sufficiently,unforeseeable
24,sound,exacerbate,complement,favorable,need,deterioration,want,deterioration,prudently,deterioration
25,stabilise,expose,empower,severe,incentivise,recessionary,use,recessionary,sufficient,recessionary
26,stabilize,fear,need,unforeseeable,seek,unanticipated,enable,unanticipated,rigorously,unanticipated
27,success,force,incentivise,deterioration,want,adverse,properly,adverse,accurately,adverse
28,successful,fragility,seek,recessionary,use,materially_affect,adequate,materially_affect,correctly,materially_affect
29,successfully,gloomy,want,positive,enable,adversely_affect,sufficiently_robust,adversely_affect,adequacy,adversely_affect
30,,hurt,use,unanticipated,properly,adverse,appropriately,adverse,susficient,adverse
31,,illiquid,enable,adverse,adequate,severely_affect,fully,severely_affect,adequately,severely_affect
32,,impairment,properly,materially_affect,sufficiently_robust,magnify,sufficiently,impair,relatively_benign,impair
33,,inability,inadequately,adversely_affect,appropriately,impair,prudently,unfavourable,favourable,unfavourable
34,,jeopardise,adequate,adverse,fully,unfavourable,sufficient,negative,favorable,negative
35,,lose,sufficiently_robust,severely_affect,sufficiently,negative,rigorously,severely_dent,robust,severely_dent
36,,negative,appropriately,magnify,prudently,severely_dent,accurately,affect,positive,detrimental
37,,pose,poorly,impair,sufficient,affect,correctly,detrimental,subdue,severely_curtail
38,,question,fully,unfavourable,rigorously,detrimental,adequacy,severely_curtail,accommodative,currency_fluctuation
39,,repercussion,sufficiently,negative,accurately,severely_curtail,susficient,currency_fluctuation,predictable,depress
40,,risky,prudently,severely_dent,correctly,currency_fluctuation,adequately,depress,perverse,adversely
41,,severely,sufficient,affect,adequacy,depress,relatively_benign,adversely,mute,exacerbate
42,,shortfall,rigorously,detrimental,susficient,adversely,favourable,exacerbate,benign,beset
43,,spiral,accurately,severely_curtail,adequately,exacerbate,favorable,beset,resilient,hamper
44,,squeeze,correctly,ameliorate,relatively_benign,beset,robust,hamper,robust,accentuate
45,,stagnate,adequacy,currency_fluctuation,favourable,hamper,positive,affect,strong,bedevil
46,,strain,susficient,depress,favorable,affect,subdue,accentuate,buoyancy,adversely_affect
47,,stress,adequately,adversely,robust,accentuate,accommodative,bedevil,upbeat,worsen
48,,struggle,relatively_benign,exacerbate,positive,bedevil,predictable,adversely_affect,doldrums,plague
49,,suffer,favourable,beset,subdue,adversely_affect,perverse,worsen,favourable,hinder
50,,threaten,favorable,hamper,accommodative,magnify,mute,cause,buoyant,wrack
51,,turbulent,robust,affect,predictable,worsen,benign,plague,resilience,severely_affect
52,,unable,positive,accentuate,perverse,cause,resilient,hinder,steadiness,aggravate
53,,undermine,subdue,bedevil,mute,plague,robust,wrack,firmness,dreadful
54,,unease,unfavourable,adversely_affect,benign,hinder,strong,severely_affect,strength,lousy
55,,unexpectedly,accommodative,magnify,resilient,wrack,buoyancy,aggravate,upswing,terrible
56,,vulnerable,uncertain,worsen,robust,ameliorate,upbeat,dreadful,upturn,awful
57,,weakness,unstable,cause,strong,severely_affect,doldrums,lousy,buoyant,horrible
58,,worsen,bleak,plague,buoyancy,aggravate,favourable,terrible,upward_trend,nasty
59,,writedowns,predictable,hinder,upbeat,dreadful,buoyant,awful,bullish_sentiment,wrong
60,,,perverse,wrack,doldrums,lousy,resilience,horrible,bullish_mood,atrocious
61,,,mute,ameliorate,favourable,terrible,steadiness,nasty,buoyancy,rotten
62,,,deflationary,severely_affect,buoyant,awful,firmness,wrong,comsortable,unpleasant
63,,,benign,aggravate,softness,horrible,strength,atrocious,happy,miserable
64,,,subdue,dreadful,resilience,nasty,tightness,rotten,luxurious,unfortunate
65,,,sluggish,lousy,steadiness,wrong,upswing,unpleasant,pleasant,scary
66,,,depress,terrible,firmness,atrocious,upturn,miserable,agreeable,ugly
67,,,lacklustre,awful,strength,rotten,buoyant,unfortunate,relax,stupid
68,,,resilient,horrible,tightness,unpleasant,upward_trend,scary,comfy,bad
69,,,weak,nasty,upswing,miserable,bullish_sentiment,ugly,closely_align,administrative_burden
70,,,robust,wrong,upturn,unfortunate,bullish_mood,stupid,attractive,strain
71,,,strong,atrocious,buoyant,scary,buoyancy,bad,safe,constraint
72,,,stagnant,rotten,upward_trend,ugly,comsortable,administrative_burden,comfortable,pressure
73,,,severely_depress,unpleasant,bullish_sentiment,stupid,happy,strain,consident,dependency
74,,,buoyancy,miserable,bullish_mood,bad,luxurious,constraint,hopeful,stigma
75,,,volatile,unfortunate,buoyancy,administrative_burden,pleasant,pressure,optimistic,red_tape
76,,,upbeat,scary,comsortable,strain,agreeable,dependency,sceptical,risk
77,,,doldrums,ugly,happy,constraint,risk_averse,stigma,cautiously_optimistic,cost
78,,,favourable,stupid,luxurious,pressure,relax,dependence,convince,pain
79,,,buoyant,bad,pleasant,dependency,comfy,red_tape,reasonably_confident,onus
80,,,softness,administrative_burden,agreeable,stigma,closely_align,risk,believe,downward_pressure
81,,,sluggishness,strain,risk_averse,dependence,attractive,cost,adamant,hardship
82,,,weakness,constraint,relax,red_tape,safe,pain,assure,burden
83,,,resilience,pressure,comfy,risk,hospitable,onus,hope,dilemma
84,,,steadiness,dependency,closely_align,cost,comfortable,reliance,supportive,chal_lenge
85,,,firmness,stigma,attractive,pain,consident,downward_pressure,confident,obstacle
86,,,strength,dependence,safe,onus,hopeful,hardship,improve,problem
87,,,tightness,red_tape,hospitable,reliance,optimistic,burden,strengthen,threat
88,,,upswing,risk,comfortable,downward_pressure,sceptical,dilemma,maximise,conundrum
89,,,upturn,cost,consident,hardship,cautiously_optimistic,chal_lenge,greatly_enhance,difficulty
90,,,fragility,pain,hopeful,burden,convince,obstacle,bolster,daunt_task
91,,,buoyant,onus,optimistic,dilemma,reasonably_confident,problem,optimise,ethical_dilemma
92,,,upward_trend,reliance,sceptical,chal_lenge,believe,threat,maximize,headwind
93,,,bullish_sentiment,downward_pressure,cautiously_optimistic,obstacle,adamant,conundrum,boost,hurdle
94,,,bullish_mood,hardship,convince,problem,assure,difficulty,complement,uphill_battle
95,,,buoyancy,burden,reasonably_confident,threat,hope,daunt_task,reinforce,headache
96,,,comsortable,dilemma,believe,conundrum,supportive,ethical_dilemma,maintain,uphill_struggle
97,,,happy,chal_lenge,adamant,difficulty,confident,task,facilitate,challenge
98,,,uncomfortable,obstacle,assure,daunt_task,improve,headwind,enhance,mothballing
99,,,luxurious,problem,hope,ethical_dilemma,strengthen,hurdle,favourable,redundancy
100,,,uncomsortable,threat,supportive,task,maximise,uphill_battle,relatively_benign,shutdown
101,,,pleasant,conundrum,confident,headwind,greatly_enhance,headache,benign,lie_offs
102,,,agreeable,difficulty,improve,hurdle,bolster,uphill_struggle,positive,layoff
103,,,risk_averse,daunt_task,strengthen,uphill_battle,optimise,challenge,accommodative,closing
104,,,relax,ethical_dilemma,maximise,headache,maximize,mothballing,remunerative,stoppage
105,,,unsatisfied,task,greatly_enhance,uphill_struggle,boost,redundancy,reliable_indicator,compulsory_redundancy
106,,,comfy,headwind,bolster,challenge,complement,shutdown,propitious,pit_closure
107,,,closely_align,hurdle,optimise,mothballing,reinforce,lie_offs,important_determinant,shut_down
108,,,attractive,uphill_battle,maximize,redundancy,maintain,rationalisation,stable,demolition
109,,,safe,headache,boost,shutdown,facilitate,layoff,favorable,disposal
110,,,hospitable,uphill_struggle,complement,lie_offs,enhance,closing,favourable,disruption
111,,,comfortable,challenge,underpin,rationalisation,favourable,stoppage,positively,closure
112,,,consident,mothballing,reinforce,layoff,relatively_benign,compulsory_redundancy,sympathetically,slowdown
113,,,hopeful,redundancy,maintain,closing,benign,pit_closure,favorable,deceleration
114,,,optimistic,shutdown,facilitate,stoppage,positive,shut_down,cautiously,deterioration
115,,,sceptical,lie_offs,enhance,compulsory_redundancy,accommodative,demolition,optimistic,stagnation
116,,,cautiously_optimistic,rationalisation,favourable,pit_closure,remunerative,disposal,sanguine,decline
117,,,convince,layoff,relatively_benign,shut_down,reliable_indicator,gartcosh,kindly,shrinkage
118,,,reasonably_confident,closing,benign,demolition,propitious,disruption,keenly,downturn
119,,,believe,stoppage,positive,disposal,important_determinant,closure,toppy,recession
120,,,adamant,compulsory_redundancy,accommodative,gartcosh,stable,slowdown,positive,downward_revision
121,,,assure,pit_closure,remunerative,disruption,favorable,deceleration,favourably,retrenchment
122,,,hope,shut_down,reliable_indicator,closure,favourable,deterioration,robust,contraction
123,,,supportive,demolition,propitious,slowdown,positively,stagnation,decent,expensive
124,,,con-_cerned,disposal,important_determinant,deceleration,sympathetically,decline,strong,cumbersome
125,,,unconvinced,gartcosh,stable,deterioration,favorable,shrinkage,solid,painful
126,,,doubt,disruption,favorable,stagnation,cautiously,downturn,respectable,problematic
127,,,confident,closure,favourable,decline,optimistic,recession,stable,timeconsuming
128,,,improve,slowdown,positively,shrinkage,sanguine,downward_revision,resilient,complicate
129,,,strengthen,deceleration,sympathetically,downturn,kindly,retrenchment,buoyant,disruptive
130,,,maximise,acceleration,favorable,recession,keenly,contraction,sustainable,inefficient
131,,,greatly_enhance,deterioration,cautiously,downward_revision,toppy,expensive,satisfactory,burdensome
132,,,bolster,stagnation,optimistic,rebind,positive,cumbersome,good,dangerous
133,,,optimise,decline,sanguine,retrenchment,favourably,painful,positive,unnecessary
134,,,maximize,shrinkage,kindly,contraction,robust,problematic,steady,troublesome
135,,,undermine,downturn,keenly,expensive,decent,timeconsuming,healthy,wasteful
136,,,boost,recession,toppy,cumbersome,strong,complicate,enhance,onerous
137,,,complement,upturn,positive,painful,solid,disruptive,strengthen,complex
138,,,underpin,upswing,favourably,problematic,respectable,inefficient,boost,costly
139,,,reinforce,downward_revision,robust,timeconsuming,stable,burdensome,mprove,harm
140,,,impair,rebind,decent,complicate,resilient,dangerous,bolster,reputational_damage
141,,,maintain,retrenchment,strong,disruptive,buoyant,unnecessary,increase,severely_damage
142,,,facilitate,upward_revision,solid,inefficient,sustainable,troublesome,mproved,irreparable_damage
143,,,enhance,contraction,respectable,burdensome,satisfactory,wasteful,improvement,collateral_damage
144,,,unfavorable,expensive,stable,dangerous,good,onerous,maintain,cripple
145,,,favourable,cumbersome,resilient,unnecessary,positive,complex,optimise,tarnish
146,,,unfavourable,painful,buoyant,troublesome,steady,costly,accelerate,destroy
147,,,relatively_benign,problematic,sustainable,wasteful,healthy,harm,maximise,devastate
148,,,benign,timeconsuming,satisfactory,onerous,enhance,reputational_damage,improve,endanger
149,,,positive,complicate,good,complex,strengthen,severely_damage,upturn,catastrophic
150,,,worrisome,disruptive,positive,costly,boost,irreparable_damage,acceleration,irreparable
151,,,disadvantageous,inefficient,steady,harm,mprove,collateral_damage,recovery,undermine
152,,,accommodative,burdensome,healthy,reputational_damage,bolster,cripple,mprovement,hurt
153,,,remunerative,dangerous,enhance,severely_damage,increase,tarnish,increase,corrode
154,,,reliable_indicator,unnecessary,strengthen,irreparable_damage,mproved,destroy,uplift,damage
155,,,propitious,troublesome,boost,collateral_damage,improvement,devastate,improve,threat
156,,,adverse,wasteful,mprove,cripple,maintain,endanger,uptick,risk
157,,,important_determinant,onerous,bolster,tarnish,optimise,catastrophic,slight_improvement,spectre
158,,,stable,complex,increase,destroy,restore,irreparable,improvement,problem
159,,,favorable,costly,mproved,devastate,accelerate,undermine,minimise,hazard
160,,,unfavourably,harm,improvement,endanger,maximise,hurt,counteract,fear
161,,,sceptically,reputational_damage,maintain,catastrophic,improve,corrode,alleviate,peril
162,,,favourable,severely_damage,optimise,irreparable,upturn,damage,offset,difficulty
163,,,warily,irreparable_damage,restore,undermine,acceleration,threat,lessen,stigma
164,,,positively,collateral_damage,accelerate,hurt,recovery,possibility,negate,vulnerability
165,,,sympathetically,cripple,maximise,corrode,mprovement,likelihood,minimize,instability
166,,,favorable,tarnish,improve,damage,increase,consequence,quantify,danger
167,,,cautiously,destroy,upturn,threat,uplift,risk,avoid,budget_deficit
168,,,optimistic,devastate,acceleration,possibility,improve,spectre,eliminate,defcit
169,,,harshly,endanger,recovery,likelihood,uptick,problem,mitigate,borrow_requirement
170,,,sanguine,catastrophic,mprovement,consequence,slight_improvement,hazard,bullish,imbalance
171,,,kindly,irreparable,increase,risk,improvement,fear,upbeat,shortfall
172,,,keenly,undermine,uplift,spectre,minimise,peril,favourable,external_imbalance
173,,,toppy,hurt,improve,problem,counteract,reality,benign,expenditure
174,,,positive,corrode,rebind,hazard,alleviate,difficulty,strong,unemployment
175,,,favourably,damage,uptick,fear,offset,stigma,robust,inflation
176,,,robust,threat,slight_improvement,peril,lessen,vulnerability,favorable,deficit
177,,,decent,possibility,improvement,reality,negate,instability,optimistic,severely_dent
178,,,strong,likelihood,minimise,difficulty,minimize,danger,positive,hurt
179,,,solid,consequence,counteract,stigma,quantify,budget_deficit,favourably,tarnish
180,,,respectable,risk,ameliorate,vulnerability,avoid,surplus,warmly,undermine
181,,,stable,spectre,alleviate,instability,eliminate,defcit,sympathetically,erode
182,,,resilient,problem,offset,danger,mitigate,borrow_requirement,profoundly,weaken
183,,,buoyant,hazard,lessen,budget_deficit,bullish,imbalance,positive,dampen
184,,,unhealthy,fear,negate,surplus,upbeat,shortfall,positively,adversely_affect
185,,,sustainable,peril,minimize,defcit,favourable,budget,proflts,severely_damage
186,,,satisfactory,reality,neutralise,borrow_requirement,benign,psbr,prots,crimp
187,,,good,difficulty,outweigh,imbalance,strong,external_imbalance,prolts,depress
188,,,unexciting,stigma,quantify,shortfall,cautious,gdp,profis,batter
189,,,positive,vulnerability,magnify,budget,robust,fiscal,proits,dent
190,,,steady,instability,avoid,psbr,favorable,expenditure,profi,undermine
191,,,healthy,danger,reduce,external_imbalance,optimistic,unemployment,prolits,destabilisation
192,,,enhance,budget_deficit,eliminate,gdp,positive,inflation,prolt,disrupt
193,,,strengthen,surplus,mitigate,fiscal,favourably,outlay,proflt,inflame
194,,,deteriorate,defcit,bullish,expenditure,warmly,deficit,prfits,imperil
195,,,boost,borrow_requirement,upbeat,unemployment,sympathetically,severely_dent,profl,instability
196,,,mprove,imbalance,favourable,inflation,profoundly,hurt,profts,aggravate
197,,,reduce,shortfall,benign,outlay,naturally,tarnish,prost,paralyse
198,,,bolster,budget,strong,deficit,thoroughly,undermine,proit,cripple
199,,,increase,psbr,cautious,severely_dent,somewhat,erode,prols,counterproductive
200,,,mproved,external_imbalance,robust,hurt,clearly,weaken,profits,choke_off
201,,,improvement,gdp,favorable,tarnish,positive,dampen,bounce_back,unstable
202,,,maintain,fiscal,optimistic,undermine,mildly,adversely_affect,rebound_strongly,hinder
203,,,optimise,expenditure,positive,erode,distinctly,severely_damage,recover,jeopardise
204,,,restore,unemployment,favourably,weaken,inwardly,crimp,climb,destabilise
205,,,accelerate,inflation,warmly,dampen,differently,depress,bounce,worsen
206,,,maximise,outlay,sympathetically,adversely_affect,positively,affect,rebound,deterioration
207,,,improve,deficit,profoundly,severely_damage,proflts,batter,bounce_back,weaken
208,,,deterioration,severely_dent,naturally,crimp,prots,dent,rebound,sharp_deterioration
209,,,upturn,hurt,thoroughly,depress,prolts,undermine,recoup,rapid_deterioration
210,,,reduction,tarnish,somewhat,affect,profis,destabilisation,regain,depress
211,,,acceleration,undermine,clearly,batter,proits,disrupt,stabilise,shrink
212,,,recovery,bolster,positive,dent,profi,inflame,rebound_strongly,stagnate
213,,,mprovement,boost,mildly,undermine,prolits,imperil,recover,decline
214,,,increase,erode,distinctly,destabilisation,prolt,instability,upturn,weak
215,,,uplift,weaken,inwardly,disrupt,proflt,aggravate,upswing,dire
216,,,improve,dampen,differently,inflame,prfits,paralyse,growth,diverge
217,,,rebind,adversely_affect,positively,imperil,profl,cripple,revival,deteriorate
218,,,turnaround,severely_damage,proflts,neutralise,profts,counterproductive,nascent_recovery,sharp_deterioration
219,,,decline,crimp,prots,instability,prost,choke_off,turnround,rapid_deterioration
220,,,uptick,depress,prolts,aggravate,proit,unstable,turnaround,deteriorate
221,,,slippage,affect,profis,paralyse,prols,hinder,improvement,slowdown
222,,,slight_improvement,batter,proits,cripple,profits,jeopardise,bounceback,weakness
223,,,improvement,dent,profi,counterproductive,bounce_back,destabilise,cyclical_upswing,decline
224,,,minimise,undermine,prolits,choke_off,rebound_strongly,worsen,ecovery,shrinkage
225,,,counteract,destabilisation,prolt,unstable,recover,deterioration,recovery,erosion
226,,,ameliorate,disrupt,proflt,hinder,climb,weaken,strength,contraction
227,,,alleviate,inflame,prfits,jeopardise,bounce,sharp_deterioration,robustness,deceleration
228,,,offset,imperil,profl,destabilise,rebound,rapid_deterioration,buoyancy,slippage
229,,,lessen,neutralise,profts,worsen,bounce_back,depress,dynamism,worsen
230,,,negate,instability,prost,deterioration,rebound,shrink,steadiness,downturn
231,,,minimize,aggravate,proit,weaken,recoup,stagnate,durability,deterioration
232,,,neutralise,paralyse,prols,sharp_deterioration,regain,decline,vitality,sharp_deterioration
233,,,outweigh,cripple,profits,rapid_deterioration,stabilise,weak,toughness,rapid_deterioration
234,,,quantify,counterproductive,bounce_back,depress,rebound_strongly,dire,success,deteriorate
235,,,magnify,choke_off,rebound_strongly,shrink,recover,diverge,resilience,slowdown
236,,,avoid,unstable,recover,stagnate,upturn,deteriorate,robust,weakness
237,,,reduce,hinder,rebind,decline,upswing,sharp_deterioration,buoyant,decline
238,,,eliminate,jeopardise,climb,weak,growth,rapid_deterioration,surprisingly_resilient,shrinkage
239,,,mitigate,destabilise,bounce,dire,revival,deteriorate,remarkably_resilient,erosion
240,,,negative,worsen,rebound,diverge,nascent_recovery,slowdown,strong,contraction
241,,,bullish,deterioration,bounce_back,deteriorate,turnround,weakness,stable,deceleration
242,,,upbeat,weaken,rebound,sharp_deterioration,turnaround,decline,healthy,slippage
243,,,favourable,improve,recoup,rapid_deterioration,improvement,shrinkage,profitable,worsen
244,,,bearish,sharp_deterioration,regain,deteriorate,bounceback,erosion,benign,downturn
245,,,downbeat,rapid_deterioration,stabilise,slowdown,cyclical_upswing,contraction,solid,deterioration
246,,,benign,depress,rebound_strongly,weakness,ecovery,deceleration,resilient,extremely_difficult
247,,,strong,shrink,recover,decline,recovery,slippage,strong,diffcult
248,,,disappoint,stabilise,rebind,shrinkage,strength,worsen,robust,dificult
249,,,cautious,stagnate,upturn,erosion,robustness,downturn,impressive,diffi_cult
250,,,robust,decline,upswing,contraction,buoyancy,deterioration,healthy,hard
251,,,favorable,normalise,growth,deceleration,dynamism,sharp_deterioration,stable,tricky
252,,,gloomy,weak,revival,slippage,steadiness,rapid_deterioration,solidly,dimcult
253,,,optimistic,dire,nascent_recovery,worsen,durability,deteriorate,stellar,difcult
254,,,unfavourable,diverge,turnround,downturn,vitality,slowdown,resilient,impossible
255,,,positive,deteriorate,turnaround,deterioration,toughness,weakness,respectable,difflcult
256,,,cautiously,sharp_deterioration,improvement,sharp_deterioration,success,decline,sturdy,virtually_impossible
257,,,favourably,rapid_deterioration,bounceback,rapid_deterioration,resilience,shrinkage,decent,problematic
258,,,warmly,improvement,cyclical_upswing,deteriorate,robust,erosion,enviable,notoriously_difficult
259,,,sympathetically,deteriorate,ecovery,slowdown,buoyant,contraction,buoyant,difficult
260,,,profoundly,slowdown,recovery,weakness,surprisingly_resilient,deceleration,solid,deter
261,,,naturally,weakness,strength,decline,remarkably_resilient,slippage,sound,dissuade
262,,,thoroughly,decline,robustness,shrinkage,strong,worsen,stabilize,inhibit
263,,,somewhat,shrinkage,buoyancy,erosion,stable,downturn,normalise,prevent
264,,,clearly,erosion,dynamism,contraction,healthy,deterioration,restore_confidence,preclude
265,,,positive,contraction,solidity,deceleration,profitable,extremely_difficult,recover,hinder
266,,,mildly,deceleration,steadiness,slippage,benign,diffcult,strengthen,stifle
267,,,distinctly,slippage,durability,worsen,solid,dificult,regain_momentum,prohibit
268,,,sceptically,worsen,vitality,downturn,resilient,diffi_cult,reflate,restrain
269,,,inwardly,upturn,toughness,deterioration,strong,hard,restore,impede
270,,,differently,downturn,success,extremely_difficult,robust,tricky,rebalance,penalise
271,,,positively,deterioration,resilience,diffcult,impressive,dimcult,revive,shy_away
272,,,proflts,sharp_deterioration,robust,dificult,healthy,difcult,stabilisation,discourage
273,,,prots,rapid_deterioration,buoyant,diffi_cult,stable,impossible,stabilise,rating_downgrade
274,,,prolts,improvement,surprisingly_resilient,hard,solidly,difflcult,stabilise,downgradings
275,,,profis,deteriorate,remarkably_resilient,tricky,stellar,virtually_impossible,normalise,lower
276,,,proits,slowdown,strong,dimcult,resilient,tough,reflate,junk_status
277,,,profi,weakness,stable,difcult,respectable,problematic,stabilization,default
278,,,prolits,decline,healthy,impossible,sturdy,notoriously_difficult,restore_confidence,downward_revision
279,,,prolt,shrinkage,profitable,difflcult,decent,difficult,regain_momentum,tumble
280,,,proflt,erosion,benign,virtually_impossible,enviable,deter,readjust,writedowns
281,,,prfits,contraction,solid,tough,buoyant,dissuade,deleverage,fall
282,,,profl,deceleration,resilient,problematic,solid,inhibit,rebalance,downgrade
283,,,profts,slippage,strong,notoriously_difficult,sound,prevent,recalibrate,stumble
284,,,prost,worsen,robust,difficult,stabilize,preclude,stabilisation,push
285,,,proit,upturn,impressive,deter,normalise,hinder,kickstart,hobble
286,,,prols,downturn,healthy,dissuade,restore_confidence,stifle,stabilize,limp
287,,,profits,deterioration,stable,inhibit,recover,prohibit,suc_cess,weigh_heavily
288,,,bounce_back,extremely_difficult,solidly,prevent,strengthen,restrain,achievement,rumble
289,,,rebound_strongly,diffcult,stellar,preclude,regain_momentum,impede,uccess,slip
290,,,recover,dificult,resilient,hinder,reflate,penalise,sucess,suck
291,,,tumble,diffi_cult,respectable,stifle,restore,shy_away,accomplishment,drag
292,,,fall,hard,sturdy,prohibit,rebalance,discourage,succes,undermine
293,,,slump,tricky,decent,restrain,revive,rating_downgrade,breakthrough,diminish
294,,,dip,dimcult,enviable,impede,stabilisation,downgradings,resilience,weaken
295,,,rebind,difcult,buoyant,penalise,soften,lower,prowess,steadily_erode
296,,,slip,impossible,solid,shy_away,stabilise,rating_agency,ambition,hurt
297,,,plummet,difflcult,sound,discourage,stabilise,junk_status,dynamism,whittle_away
298,,,retreat,easy,stabilize,rating_downgrade,normalise,fitch,outperformance,severely_dent
299,,,slide,virtually_impossible,normalise,downgradings,reflate,default,progress,exacerbate
300,,,plunge,tough,restore_confidence,lower,stabilization,fitch_rating,survival,curtail
301,,,climb,problematic,recover,rating_agency,restore_confidence,moody,strength,crimp
302,,,bounce,notoriously_difficult,strengthen,junk_status,regain_momentum,underweight,success,decimate
303,,,rebound,difficult,regain_momentum,fitch,readjust,downward_revision,succesful,constrain
304,,,bounce_back,deter,reflate,default,deleverage,tumble,profitable,erosion
305,,,rebound,dissuade,restore,fitch_rating,rebalance,writedowns,sucessful,erode
306,,,recoup,encourage,rebalance,moody,recalibrate,fall,successfu,deterioration
307,,,claw_back,inhibit,revive,underweight,stabilisation,downgrade,ambitious,steady_erosion
308,,,regain,prevent,stabilisation,downward_revision,kickstart,knock,suc_cessful,diminution
309,,,stabilise,preclude,soften,tumble,stabilize,stumble,innovative,shrinkage
310,,,suffer,hinder,stabilise,writedowns,suc_cess,weigh,uccessful,erode
311,,,erase,stifle,stabilise,fall,achievement,push,hugely_successful,degradation
312,,,subside,prohibit,normalise,downgrade,uccess,turn,excite,weakness
313,,,rebound_strongly,restrain,reflate,knock,sucess,hobble,prestigious,decline
314,,,recede,impede,stabilization,stumble,accomplishment,limp,sophisticate,destruction
315,,,fall,penalise,restore_confidence,weigh,succes,pull,cessful,weaken
316,,,slip,shy_away,regain_momentum,push,breakthrough,weigh_heavily,successul,precipitous_drop
317,,,evaporate,induce,readjust,turn,resilience,propel,impressive,downward_spiral
318,,,plummet,protect,deleverage,hobble,prowess,lurch,successful,erosion
319,,,recover,discourage,rebalance,limp,ambition,rumble,effectively,aggravate
320,,,rebind,rating_downgrade,recalibrate,pull,dynamism,slip,vigorously,accentuate
321,,,upturn,downgradings,stabilisation,weigh_heavily,outperformance,drive,successful,hamper
322,,,upswing,upgrade,kickstart,propel,progress,suck,skilfully,beset
323,,,growth,lower,stabilize,lurch,survival,drag,satisfactorily,heighten
324,,,slowdown,rating_agency,suc_cess,rumble,strength,undermine,energetically,plague
325,,,downturn,junk_status,achievement,slip,success,diminish,intensively,worsen
326,,,revival,fitch,uccess,drive,succesful,weaken,robustly,overshadow
327,,,nascent_recovery,default,sucess,suck,profitable,steadily_erode,swiftly,trigger
328,,,turnround,fitch_rating,accomplishment,drag,sucessful,hurt,efficiently,undermine
329,,,turnaround,moody,succes,undermine,successfu,whittle_away,rapidly,bedevil
330,,,improvement,underweight,breakthrough,diminish,ambitious,severely_dent,dynamically,hurt
331,,,bounceback,downward_revision,resilience,weaken,suc_cessful,exacerbate,profitably,exacerbate
332,,,cyclical_upswing,tumble,prowess,steadily_erode,innovative,curtail,consistently,vulnerable
333,,,recession,writedowns,ambition,hurt,uccessful,crimp,successfully,susceptible
334,,,ecovery,fall,dynamism,whittle_away,hugely_successful,decimate,able,prone
335,,,recovery,downgrade,outperformance,severely_dent,excite,constrain,enable,lay_bare
336,,,strength,knock,progress,exacerbate,prestigious,erosion,adequately,confine
337,,,robustness,stumble,survival,curtail,sophisticate,erode,benign,exploit
338,,,fragility,weigh,strength,crimp,cessful,deterioration,buoyant,hurt
339,,,buoyancy,push,success,decimate,successul,steady_erosion,buoyancy,perceive
340,,,weakness,turn,succesful,reduce,impressive,diminution,comfortable,afflict
341,,,vulnerability,hobble,profitable,constrain,successful,shrinkage,confident,suffer
342,,,dynamism,limp,sucessful,outweigh,effectively,erode,enhance,confront
343,,,solidity,pull,successfu,erosion,vigorously,appreciation,favorable,expose
344,,,steadiness,weigh_heavily,ambitious,erode,successful,degradation,favourably,worry
345,,,durability,propel,suc_cessful,deterioration,skilfully,weakness,healthy,concern
346,,,vitality,lurch,innovative,steady_erosion,satisfactorily,decline,improve,anxiety
347,,,softness,rumble,uccessful,diminution,energetically,destruction,improvement,fret
348,,,toughness,slip,hugely_successful,shrinkage,intensively,weaken,mitigate,suspicion
349,,,sensitivity,drive,excite,erode,robustly,precipitous_drop,positive,fearful
350,,,success,suck,prestigious,appreciation,swiftly,downward_spiral,positively,doubt
351,,,resilience,drag,sophisticate,degradation,efficiently,reassessment,profits,jitter
352,,,robust,undermine,cessful,weakness,rapidly,erosion,rebound,warn
353,,,buoyant,diminish,successul,decline,dynamically,aggravate,recover,anger
354,,,surprisingly_resilient,weaken,impressive,destruction,profitably,cause,recovery,con_cerns
355,,,remarkably_resilient,steadily_erode,successful,weaken,consistently,accentuate,resilience,concems
356,,,strong,hurt,effectively,precipitous_drop,successfully,hamper,resilient,nervousness
357,,,stable,whittle_away,vigorously,downward_spiral,able,beset,solid,fear
358,,,sluggish,severely_dent,successful,reassessment,enable,affect,sound,threaten
359,,,subdue,exacerbate,skilfully,erosion,adequately,heighten,stabilise,orce
360,,,healthy,curtail,satisfactorily,aggravate,benign,plague,stabilize,orces
361,,,volatile,crimp,energetically,cause,buoyant,worsen,success,persuade
362,,,weak,decimate,intensively,accentuate,buoyancy,overshadow,successful,urge
363,,,profitable,reduce,robustly,hamper,comfortable,trigger,successfully,reluctant
364,,,benign,constrain,swiftly,magnify,confident,undermine,,threat
365,,,vulnerable,outweigh,efficiently,beset,enhance,bedevil,,force
366,,,solid,erosion,rapidly,affect,favorable,hurt,,vulnerability
367,,,resilient,erode,dynamically,heighten,favourably,exacerbate,,precariousness
368,,,strong,deterioration,profitably,plague,healthy,vulnerable,,frailty
369,,,robust,steady_erosion,consistently,worsen,improve,susceptible,,sluggishness
370,,,impressive,diminution,successfully,overshadow,improvement,prone,,parlous_state
371,,,healthy,shrinkage,able,trigger,mitigate,lay_bare,,weakness
372,,,stable,erode,enable,undermine,positive,confine,,inadequacy
373,,,solidly,appreciation,adequately,bedevil,positively,exploit,,centrality
374,,,stellar,degradation,benign,hurt,profits,hurt,,cyclicality
375,,,resilient,weakness,buoyant,exacerbate,rebound,perceive,,fragility
376,,,respectable,decline,buoyancy,vulnerable,recover,ignore,,downbeat
377,,,uninspiring,destruction,comfortable,susceptible,recovery,affect,,bleak
378,,,sturdy,weaken,confident,prone,resilience,afflict,,pessimistic
379,,,unexciting,precipitous_drop,enhance,lay_bare,resilient,suffer,,grim
380,,,decent,intensification,favorable,confine,solid,confront,,bearish
381,,,enviable,downward_spiral,favourably,exploit,sound,cause,,glum
382,,,buoyant,reassessment,healthy,hurt,stabilise,induce,,sombre
383,,,solid,erosion,improve,perceive,stabilize,expose,,dismal
384,,,mawkish,aggravate,improvement,ignore,success,worry,,gloomy_outlook
385,,,dissonant,cause,mitigate,affect,successful,concern,,gloomy
386,,,tinny,accentuate,positive,afflict,successfully,anxiety,,adversely_affect
387,,,tuneful,hamper,positively,suffer,,fret,,hamper
388,,,plangent,magnify,profits,confront,,suspicion,,exacerbate
389,,,synthesiser,beset,rebound,cause,,fearful,,undermine
390,,,appealingly,affect,recover,induce,,speculation,,hobble
391,,,bouncy,heighten,recovery,expose,,doubt,,crimp
392,,,whimsy,plague,resilience,worry,,jitter,,erode
393,,,unearthly,worsen,resilient,concern,,warn,,hit
394,,,astringent,overshadow,solid,anxiety,,anger,,aggravate
395,,,soporific,trigger,sound,fret,,con_cerns,,hinder
396,,,sublimely,undermine,stabilise,suspicion,,concems,,harm
397,,,portentous,bedevil,stabilize,fearful,,nervousness,,cripple
398,,,quirky,hurt,success,speculation,,fear,,dent
399,,,sound,exacerbate,successful,doubt,,threaten,,decimate
400,,,stabilize,vulnerable,successfully,jitter,,orce,,hurt
401,,,weaken,susceptible,,warn,,troop,,risky
402,,,normalise,prone,,anger,,orces,,highly_leverage
403,,,restore_confidence,lay_bare,,con_cerns,,persuade,,illiquidity
404,,,falter,confine,,concems,,army,,opaque
405,,,recover,exploit,,nervousness,,urge,,volatile
406,,,strengthen,hurt,,fear,,reluctant,,illiquid
407,,,regain_momentum,perceive,,threaten,,threat,,impairment_charge
408,,,reflate,ignore,,orce,,rearm,,writedown
409,,,restore,affect,,troop,,unilaterally,,write_offs
410,,,deteriorate,afflict,,orces,,yugoslav_army,,writedowns
411,,,rebalance,suffer,,persuade,,military,,goodwill_impairment
412,,,revive,confront,,army,,force,,writeoff
413,,,stabilisation,cause,,oblige,,vulnerability,,writeoffs
414,,,soften,induce,,urge,,precariousness,,unrealise_loss
415,,,stabilise,expose,,reluctant,,frailty,,npls
416,,,stabilise,worry,,threat,,sluggishness,,delinquency
417,,,normalise,concern,,rearm,,parlous_state,,loss
418,,,reflate,anxiety,,unilaterally,,weakness,,contingent_liability
419,,,stabilization,fret,,yugoslav_army,,inadequacy,,intangible_asset
420,,,restore_confidence,suspicion,,military,,centrality,,exceptional_item
421,,,regain_momentum,fearful,,force,,cyclicality,,impairment
422,,,choke_off,speculation,,vulnerability,,interconnectedness,,unwillingness
423,,,readjust,hope,,precariousness,,fragility,,failure
424,,,deleverage,doubt,,resilience,,downbeat,,reluctance
425,,,rebalance,jitter,,robustness,,bleak,,apparent_inability
426,,,recalibrate,warn,,frailty,,pessimistic,,refusal
427,,,deflate,anger,,sluggishness,,grim,,unable
428,,,weaken,con_cerns,,strength,,bearish,,inability
429,,,stabilisation,concems,,solidity,,glum,,endanger
430,,,kickstart,nervousness,,parlous_state,,sombre,,imperil
431,,,stabilize,fear,,weakness,,dismal,,undermine
432,,,suc_cess,threaten,,inadequacy,,gloomy_outlook,,hinder
433,,,achievement,orce,,centrality,,mistic,,impede
434,,,uccess,troop,,cyclicality,,gloomy,,derail
435,,,sucess,orces,,interconnectedness,,affect,,hamper
436,,,accomplishment,persuade,,fragility,,adversely_affect,,fatally_undermine
437,,,succes,army,,downbeat,,hamper,,stymie
438,,,breakthrough,oblige,,bleak,,exacerbate,,severely_hamper
439,,,resilience,urge,,pessimistic,,undermine,,adversely_affect
440,,,prowess,civilian,,grim,,hobble,,impair
441,,,ambition,reluctant,,bearish,,crimp,,disrupt
442,,,dynamism,threat,,glum,,erode,,stifle
443,,,outperformance,rearm,,sombre,,hit,,scupper
444,,,progress,unilaterally,,dismal,,aggravate,,jeopardise
445,,,survival,yugoslav_army,,gloomy_outlook,,hinder,,shed
446,,,strength,military,,mistic,,harm,,slip
447,,,success,force,,gloomy,,cripple,,drop
448,,,succesful,vulnerability,,affect,,dent,,disappear
449,,,profitable,precariousness,,adversely_affect,,decimate,,fall
450,,,sucessful,resilience,,hamper,,hurt,,miss
451,,,successfu,robustness,,exacerbate,,risky,,claw_back
452,,,ambitious,frailty,,undermine,,mispriced,,cede
453,,,suc_cessful,sluggishness,,hobble,,highly_leverage,,destroy
454,,,innovative,strength,,crimp,,liquid,,lose
455,,,uccessful,solidity,,erode,,cdos,,bearish
456,,,hugely_successful,parlous_state,,hit,,illiquidity,,adverse
457,,,excite,weakness,,aggravate,,opaque,,unfavourable
458,,,prestigious,inadequacy,,hinder,,securitised,,weak
459,,,sophisticate,buoyancy,,harm,,cdo,,unfavorable
460,,,cessful,centrality,,cripple,,synthetic_cdo,,contractionary
461,,,successul,cyclicality,,dent,,volatile,,downbeat
462,,,impressive,interconnectedness,,decimate,,sivs,,volatile
463,,,successful,fragility,,hurt,,synthetic_cdos,,adversely
464,,,effectively,downbeat,,risky,,overpriced,,short_term
465,,,aggressively,bleak,,mispriced,,abcp,,gloomy
466,,,vigorously,pessimistic,,highly_leverage,,illiquid,,negative
467,,,successful,upbeat,,liquid,,impairment_charge,,confront
468,,,skilfully,grim,,cdos,,writedown,,beset
469,,,satisfactorily,bullish,,illiquidity,,write_offs,,exacerbate
470,,,energetically,rosy,,opaque,,writedowns,,aggravate
471,,,intensively,optimistic,,securitised,,goodwill_impairment,,tackle
472,,,robustly,bearish,,cdo,,writeoff,,sidestep
473,,,swiftly,glum,,synthetic_cdo,,writeoffs,,sacing
474,,,efficiently,sanguine,,volatile,,unrealise_loss,,overcome
475,,,rapidly,sombre,,sivs,,npls,,cause
476,,,dynamically,dismal,,synthetic_cdos,,delinquency,,provoke
477,,,profitably,gloomy_outlook,,overpriced,,loss,,expose
478,,,consistently,mistic,,abcp,,contingent_liability,,pose
479,,,successfully,gloomy,,illiquid,,intangible_asset,,ques_tions
480,,,able,affect,,impairment_charge,,exceptional_item,,ques_tion
481,,,enable,adversely_affect,,writedown,,impairment,,doubt
482,,,adequately,hamper,,write_offs,,unwillingness,,thorny_question
483,,,benign,exacerbate,,writedowns,,failure,,dilemma
484,,,buoyant,undermine,,goodwill_impairment,,reluctance,,unanswered_question
485,,,buoyancy,hobble,,writeoff,,apparent_inability,,query
486,,,comfortable,crimp,,writeoffs,,refusal,,debate
487,,,confident,erode,,unrealise_loss,,unable,,conundrum
488,,,enhance,hit,,npls,,inability,,concern
489,,,favorable,aggravate,,delinquency,,endanger,,thorny_issue
490,,,favourably,hinder,,loss,,imperil,,vex_question
491,,,healthy,harm,,contingent_liability,,undermine,,disagreement
492,,,improve,cripple,,intangible_asset,,hinder,,quandary
493,,,improvement,dent,,exceptional_item,,impede,,inquire
494,,,mitigate,decimate,,impairment,,derail,,question
495,,,positive,hurt,,unwillingness,,hamper,,ramification
496,,,positively,risky,,failure,,fatally_undermine,,implication
497,,,profits,mispriced,,reluctance,,stymie,,consequence
498,,,rebound,highly_leverage,,apparent_inability,,severely_hamper,,ripple_effect
499,,,recover,liquid,,refusal,,adversely_affect,,impact
500,,,recovery,cdos,,unable,,impair,,reverberation
501,,,resilience,illiquidity,,inability,,disrupt,,spillover_effect
502,,,resilient,opaque,,endanger,,stifle,,adverse_consequence
503,,,solid,securitised,,imperil,,scupper,,fallout
504,,,sound,cdo,,undermine,,jeopardise,,adverse_impact
505,,,stabilise,synthetic_cdo,,hinder,,shed,,adverse_effect
506,,,stabilize,volatile,,impede,,slip,,dire_consequence
507,,,success,sivs,,derail,,drop,,collateral_damage
508,,,successful,synthetic_cdos,,hamper,,disappear,,aftershocks
509,,,successfully,overpriced,,fatally_undermine,,fall,,repercussion
510,,,,abcp,,stymie,,miss,,illiquid
511,,,,illiquid,,severely_hamper,,claw_back,,unattractive
512,,,,impairment_charge,,adversely_affect,,cede,,highly_leverage
513,,,,writedown,,impair,,destroy,,problematic
514,,,,write_offs,,disrupt,,lose,,distress
515,,,,writedowns,,stifle,,bearish,,opportunistic
516,,,,goodwill_impairment,,scupper,,adverse,,highrisk
517,,,,writeoff,,jeopardise,,unfavourable,,volatile
518,,,,writeoffs,,shed,,weak,,toxic
519,,,,unrealise_loss,,slip,,unfavorable,,costly
520,,,,npls,,drop,,contractionary,,risky
521,,,,delinquency,,disappear,,downbeat,,severe
522,,,,loss,,recover,,volatile,,greatly
523,,,,contingent_liability,,fall,,adversely,,badly
524,,,,unrealise_gain,,miss,,short_term,,irreparably
525,,,,intangible_asset,,claw_back,,gloomy,,grievously
526,,,,exceptional_item,,cede,,negative,,hamstring
527,,,,impairment,,destroy,,face,,cripple
528,,,,unwillingness,,lose,,confront,,severely_affect
529,,,,failure,,bearish,,beset,,drastically
530,,,,ability,,adverse,,create,,gravely
531,,,,reluctance,,unfavourable,,exacerbate,,severely_damage
532,,,,willingness,,weak,,aggravate,,exacerbate
533,,,,apparent_inability,,unfavorable,,tackle,,irretrievably
534,,,,determination,,contractionary,,sidestep,,aggravate
535,,,,desire,,downbeat,,sacing,,massively
536,,,,refusal,,volatile,,overcome,,severely
537,,,,eagerness,,adversely,,cause,,deficit
538,,,,attempt,,short_term,,provoke,,loss
539,,,,unable,,gloomy,,expose,,gap
540,,,,effort,,negative,,pose,,deficiency
541,,,,readiness,,face,,ques_tions,,discrepancy
542,,,,uncanny_ability,,confront,,ques_tion,,shortage
543,,,,inability,,beset,,doubt,,outflow
544,,,,endanger,,create,,thorny_question,,deterioration
545,,,,imperil,,exacerbate,,dilemma,,outlay
546,,,,undermine,,aggravate,,unanswered_question,,cutback
547,,,,hinder,,tackle,,query,,black_hole
548,,,,impede,,sidestep,,debate,,imbalance
549,,,,derail,,sacing,,conundrum,,overspend
550,,,,hamper,,overcome,,concern,,downward_revision
551,,,,fatally_undermine,,cause,,thorny_issue,,shortfall
552,,,,stymie,,provoke,,vex_question,,downward_spiral
553,,,,severely_hamper,,expose,,disagreement,,escalate
554,,,,adversely_affect,,magnify,,quandary,,vicious_cycle
555,,,,impair,,pose,,inquire,,uncontrollable
556,,,,disrupt,,ques_tions,,question,,deflationary_spiral
557,,,,stifle,,ques_tion,,ramification,,creep
558,,,,scupper,,doubt,,implication,,uncontrolled
559,,,,jeopardise,,thorny_question,,consequence,,skyrocket
560,,,,regain,,dilemma,,ripple_effect,,runaway
561,,,,shed,,unanswered_question,,impact,,vicious_spiral
562,,,,slip,,query,,reverberation,,excessive
563,,,,win,,debate,,spillover_effect,,deflation
564,,,,drop,,conundrum,,adverse_consequence,,hyper_inflation
565,,,,disappear,,concern,,fallout,,inflationary_spiral
566,,,,earn,,thorny_issue,,adverse_impact,,spiral
567,,,,climb,,vex_question,,adverse_effect,,constraint
568,,,,gain,,disagreement,,dire_consequence,,downward_pressure
569,,,,recover,,quandary,,collateral_damage,,downturn
570,,,,fall,,inquire,,aftershocks,,recession
571,,,,miss,,question,,effect,,crunch
572,,,,claw_back,,ramification,,repercussion,,strain
573,,,,cede,,implication,,illiquid,,suck
574,,,,destroy,,consequence,,unattractive,,downward_spiral
575,,,,lose,,ripple_effect,,highly_leverage,,drain
576,,,,positive,,impact,,problematic,,spiral
577,,,,bearish,,reverberation,,distress,,slump
578,,,,adverse,,spillover_effect,,opportunistic,,drag
579,,,,unfavourable,,adverse_consequence,,highrisk,,intense_competition
580,,,,benign,,fallout,,expensive,,squeeze
581,,,,bullish,,adverse_impact,,volatile,,stagnant
582,,,,weak,,adverse_effect,,toxic,,sluggish
583,,,,favourable,,dire_consequence,,costly,,decelerate
584,,,,unfavorable,,collateral_damage,,risky,,falter
585,,,,contractionary,,aftershocks,,severe,,stagnation
586,,,,downbeat,,effect,,greatly,,shrink
587,,,,volatile,,repercussion,,badly,,anaemic
588,,,,adversely,,illiquid,,irreparably,,slow
589,,,,short_term,,unattractive,,grievously,,slacken
590,,,,gloomy,,highly_leverage,,hamstring,,flatlining
591,,,,negative,,problematic,,cripple,,depress
592,,,,face,,distress,,severely_affect,,slump
593,,,,confront,,opportunistic,,drastically,,deteriorate
594,,,,beset,,highrisk,,gravely,,lag_behind
595,,,,create,,expensive,,severely_damage,,stagnate
596,,,,exacerbate,,volatile,,exacerbate,,severe_strain
597,,,,solve,,toxic,,irretrievably,,pressure
598,,,,aggravate,,costly,,aggravate,,constraint
599,,,,tackle,,risky,,massively,,downward_pressure
600,,,,sidestep,,severe,,severely,,pres_sure
601,,,,sacing,,greatly,,deficit,,burden
602,,,,overcome,,badly,,loss,,ressure
603,,,,cause,,irreparably,,gap,,tension
604,,,,provoke,,grievously,,deficiency,,pres-_sure
605,,,,expose,,hamstring,,discrepancy,,squeeze
606,,,,magnify,,cripple,,shortage,,difficulty
607,,,,pose,,severely_affect,,outflow,,fragility
608,,,,ques_tions,,drastically,,deterioration,,instability
609,,,,ques_tion,,gravely,,outlay,,presure
610,,,,doubt,,severely_damage,,cutback,,strain
611,,,,thorny_question,,exacerbate,,black_hole,,stress
612,,,,dilemma,,irretrievably,,imbalance,,scramble
613,,,,unanswered_question,,aggravate,,overspend,,unable
614,,,,query,,massively,,downward_revision,,battle
615,,,,debate,,severely,,shortfall,,uphill_struggle
616,,,,conundrum,,deficit,,downward_spiral,,uphill_battle
617,,,,concern,,loss,,escalate,,fail
618,,,,thorny_issue,,gap,,vicious_cycle,,fight
619,,,,vex_question,,deficiency,,uncontrollable,,difficult
620,,,,disagreement,,discrepancy,,balloon,,grapple
621,,,,quandary,,shortage,,deflationary_spiral,,anxious
622,,,,inquire,,outflow,,creep,,flounder
623,,,,question,,deterioration,,uncontrolled,,struggle
624,,,,ramification,,outlay,,skyrocket,,susfered
625,,,,implication,,cutback,,runaway,,susfering
626,,,,consequence,,black_hole,,vicious_spiral,,susser
627,,,,ripple_effect,,imbalance,,excessive,,afflict
628,,,,impact,,overspend,,deflation,,hurt
629,,,,reverberation,,downward_revision,,hyper_inflation,,hit
630,,,,spillover_effect,,shortfall,,inflationary_spiral,,benesited
631,,,,adverse_consequence,,downward_spiral,,spiral,,susfers
632,,,,fallout,,escalate,,constraint,,reel
633,,,,adverse_impact,,vicious_cycle,,downward_pressure,,plague
634,,,,adverse_effect,,uncontrollable,,downturn,,inflict
635,,,,dire_consequence,,balloon,,recession,,endure
636,,,,collateral_damage,,deflationary_spiral,,crunch,,suffer
637,,,,aftershocks,,creep,,strain,,imperil
638,,,,effect,,uncontrolled,,suck,,cripple
639,,,,repercussion,,skyrocket,,downward_spiral,,endanger
640,,,,illiquid,,runaway,,drain,,disrupt
641,,,,risk_averse,,vicious_spiral,,spiral,,undermine
642,,,,unattractive,,excessive,,slump,,severely_damage
643,,,,highly_leverage,,deflation,,drag,,jeopardise
644,,,,problematic,,hyper_inflation,,flatten,,paralyse
645,,,,distress,,inflationary_spiral,,intense_competition,,decimate
646,,,,safe,,spiral,,squeeze,,destabilise
647,,,,opportunistic,,constraint,,stagnant,,avert
648,,,,highrisk,,downward_pressure,,sluggish,,force
649,,,,expensive,,downturn,,decelerate,,threat
650,,,,volatile,,recession,,falter,,fear
651,,,,plain_vanilla,,crunch,,stagnation,,threaten
652,,,,toxic,,strain,,shrink,,tumultuous
653,,,,costly,,suck,,anaemic,,torrid
654,,,,attractive,,downward_spiral,,slow,,stormy
655,,,,risky,,drain,,slacken,,traumatic
656,,,,severe,,spiral,,flatlining,,eventful
657,,,,greatly,,slump,,depress,,tempestuous
658,,,,badly,,drag,,slump,,rocky
659,,,,irreparably,,flatten,,deteriorate,,miserable
660,,,,grievously,,intense_competition,,lag_behind,,choppy
661,,,,hamstring,,squeeze,,stagnate,,volatile
662,,,,cripple,,stagnant,,severe_strain,,febrile
663,,,,severely_affect,,sluggish,,pressure,,perilous
664,,,,drastically,,decelerate,,upward_pressure,,roller_coaster
665,,,,gravely,,falter,,constraint,,tumult
666,,,,severely_damage,,stagnation,,downward_pressure,,turbulent
667,,,,exacerbate,,shrink,,pres_sure,,unwilling
668,,,,irretrievably,,anaemic,,burden,,reluctant
669,,,,aggravate,,slow,,ressure,,fail
670,,,,massively,,slacken,,tension,,loath
671,,,,severely,,flatlining,,pres-_sure,,unlikely
672,,,,surplus,,depress,,squeeze,,refuse
673,,,,deficit,,slump,,difficulty,,inability
674,,,,loss,,deteriorate,,fragility,,struggle
675,,,,gap,,lag_behind,,instability,,impossible
676,,,,deficiency,,stagnate,,presure,,anxious
677,,,,discrepancy,,severe_strain,,strain,,virtually_impossible
678,,,,shortage,,pressure,,stress,,unable
679,,,,outflow,,upward_pressure,,scramble,,jeopardise
680,,,,deterioration,,constraint,,unable,,erode
681,,,,outlay,,downward_pressure,,battle,,hinder
682,,,,cutback,,pres_sure,,strive,,hamper
683,,,,black_hole,,burden,,uphill_struggle,,imperil
684,,,,imbalance,,ressure,,uphill_battle,,stifle
685,,,,overspend,,tension,,attempt,,impede
686,,,,downward_revision,,pres-_sure,,fail,,fatally_undermine
687,,,,shortfall,,squeeze,,fight,,endanger
688,,,,downward_spiral,,difficulty,,difficult,,stymie
689,,,,escalate,,fragility,,grapple,,destabilise
690,,,,vicious_cycle,,instability,,anxious,,exacerbate
691,,,,uncontrollable,,presure,,flounder,,undermine
692,,,,balloon,,strain,,struggle,,disquiet
693,,,,deflationary_spiral,,stress,,susfered,,anxiety
694,,,,creep,,scramble,,susfering,,nervousness
695,,,,uncontrolled,,try,,susser,,unhappiness
696,,,,skyrocket,,unable,,afflict,,uneasiness
697,,,,runaway,,battle,,hurt,,wariness
698,,,,vicious_spiral,,strive,,hit,,apprehension
699,,,,excessive,,uphill_struggle,,benesited,,dissatisfaction
700,,,,deflation,,uphill_battle,,susfers,,scepticism
701,,,,hyper_inflation,,attempt,,reel,,frustration
702,,,,inflationary_spiral,,eager,,plague,,misgiving
703,,,,spiral,,fail,,face,,discontent
704,,,,constraint,,fight,,inflict,,irritation
705,,,,downward_pressure,,difficult,,endure,,anger
706,,,,downturn,,grapple,,suffer,,concern
707,,,,recession,,anxious,,imperil,,unease
708,,,,crunch,,flounder,,cripple,,thanexpected
709,,,,strain,,struggle,,endanger,,unusually
710,,,,suck,,susfered,,disrupt,,surprisingly
711,,,,downward_spiral,,susfering,,undermine,,unexpected
712,,,,drain,,susser,,severely_damage,,exceptionally
713,,,,upward_pressure,,afflict,,jeopardise,,unprecedentedly
714,,,,spiral,,hurt,,paralyse,,alarmingly
715,,,,slump,,hit,,decimate,,sharply
716,,,,drag,,benesited,,destabilise,,unexpectedly
717,,,,flatten,,susfers,,avert,,susceptible
718,,,,intense_competition,,reel,,force,,expose
719,,,,squeeze,,plague,,threat,,prone
720,,,,stagnant,,bounce_back,,fear,,heavily_expose
721,,,,sluggish,,face,,threaten,,problematic
722,,,,decelerate,,inflict,,tumultuous,,sensitive
723,,,,falter,,endure,,torrid,,fragile
724,,,,stagnation,,suffer,,stormy,,unstable
725,,,,shrink,,imperil,,traumatic,,unattractive
726,,,,anaemic,,cripple,,eventful,,unlikely
727,,,,slow,,endanger,,tempestuous,,vulnerable
728,,,,slacken,,disrupt,,rocky,,sluggishness
729,,,,flatlining,,undermine,,miserable,,deterioration
730,,,,depress,,severely_damage,,choppy,,slowdown
731,,,,slump,,jeopardise,,relative_calm,,weaken
732,,,,deteriorate,,paralyse,,volatile,,malaise
733,,,,lag_behind,,decimate,,febrile,,fragility
734,,,,stabilise,,destabilise,,perilous,,underperformance
735,,,,stagnate,,avert,,roller_coaster,,weak
736,,,,severe_strain,,force,,tumult,,turbulence
737,,,,pressure,,threat,,turbulent,,weakness
738,,,,upward_pressure,,fear,,unwilling,,deteriorate
739,,,,constraint,,threaten,,reluctant,,aggravate
740,,,,downward_pressure,,tumultuous,,fail,,exacerbate
741,,,,pres_sure,,torrid,,loath,,deterioration
742,,,,burden,,stormy,,unlikely,,weaken
743,,,,ressure,,traumatic,,refuse,,deepen
744,,,,tension,,eventful,,inability,,dire
745,,,,pres-_sure,,tempestuous,,struggle,,depress
746,,,,squeeze,,rocky,,impossible,,rapid_deterioration
747,,,,difficulty,,miserable,,anxious,,sharp_deterioration
748,,,,fragility,,choppy,,virtually_impossible,,severe
749,,,,instability,,relative_calm,,unable,,heighten
750,,,,presure,,volatile,,jeopardise,,intensify
751,,,,strain,,febrile,,erode,,worsen
752,,,,emphasise,,perilous,,hinder,,writedown
753,,,,acknowledge,,roller_coaster,,hamper,,write_offs
754,,,,insist,,tumult,,imperil,,impairment_charge
755,,,,concede,,turbulent,,stifle,,impairment
756,,,,argue,,unwilling,,impede,,writeoffs
757,,,,admit,,reluctant,,fatally_undermine,,unrealise_loss
758,,,,say,,fail,,endanger,,loss
759,,,,suggest,,oblige,,stymie,,writeoff
760,,,,believe,,loath,,destabilise,,markdowns
761,,,,warn,,try,,exacerbate,,subprime
762,,,,indicate,,unlikely,,undermine,,redemptions
763,,,,conclude,,refuse,,disquiet,,capital_raisings
764,,,,reject_suggestion,,inability,,anxiety,,rating_downgrade
765,,,,recognise,,struggle,,nervousness,,divestments
766,,,,acutely_aware,,impossible,,unhappiness,,goodwill_impairment
767,,,,stress,,anxious,,uneasiness,,writedowns
768,,,,scramble,,virtually_impossible,,wariness,,abrupt
769,,,,try,,unable,,apprehension,,adverse
770,,,,unable,,jeopardise,,dissatisfaction,,adversely
771,,,,battle,,erode,,scepticism,,aggravate
772,,,,strive,,hinder,,frustration,,bad
773,,,,uphill_struggle,,hamper,,misgiving,,burden
774,,,,uphill_battle,,imperil,,discontent,,challenge
775,,,,attempt,,stifle,,irritation,,closure
776,,,,eager,,impede,,anger,,contraction
777,,,,fail,,fatally_undermine,,concern,,costly
778,,,,fight,,endanger,,unease,,damage
779,,,,difficult,,stymie,,thanexpected,,danger
780,,,,grapple,,destabilise,,unusually,,deficit
781,,,,anxious,,underpin,,surprisingly,,dent
782,,,,flounder,,exacerbate,,unexpected,,destabilise
783,,,,struggle,,undermine,,noticeably,,deteriorate
784,,,,susfered,,disquiet,,exceptionally,,deterioration
785,,,,susfering,,anxiety,,unprecedentedly,,deterioration
786,,,,susser,,nervousness,,alarmingly,,difficult
787,,,,afflict,,unhappiness,,sharply,,discourage
788,,,,hurt,,uneasiness,,unspectacular,,downgrade
789,,,,hit,,wariness,,unexpectedly,,drag
790,,,,recover,,apprehension,,susceptible,,erode
791,,,,benesited,,dissatisfaction,,expose,,erosion
792,,,,susfers,,scepticism,,prone,,exacerbate
793,,,,reel,,frustration,,heavily_expose,,expose
794,,,,plague,,misgiving,,problematic,,fear
795,,,,bounce_back,,discontent,,sensitive,,force
796,,,,face,,irritation,,fragile,,fragility
797,,,,inflict,,anger,,unstable,,gloomy
798,,,,endure,,concern,,unattractive,,hurt
799,,,,suffer,,unease,,unlikely,,illiquid
800,,,,imperil,,thanexpected,,vulnerable,,impairment
801,,,,cripple,,unusually,,sluggishness,,inability
802,,,,endanger,,surprisingly,,deterioration,,jeopardise
803,,,,disrupt,,unexpected,,slowdown,,lose
804,,,,undermine,,noticeably,,weaken,,negative
805,,,,severely_damage,,exceptionally,,malaise,,pose
806,,,,jeopardise,,unprecedentedly,,overvaluation,,question
807,,,,paralyse,,alarmingly,,fragility,,repercussion
808,,,,decimate,,sharply,,underperformance,,risky
809,,,,destabilise,,unspectacular,,weak,,severely
810,,,,avert,,unexpectedly,,turbulence,,shortfall
811,,,,force,,susceptible,,weakness,,spiral
812,,,,threat,,expose,,deteriorate,,squeeze
813,,,,vow,,prone,,aggravate,,stagnate
814,,,,fear,,heavily_expose,,exacerbate,,strain
815,,,,threaten,,resilient,,deterioration,,stress
816,,,,tumultuous,,problematic,,weaken,,struggle
817,,,,torrid,,sensitive,,deepen,,suffer
818,,,,stormy,,fragile,,dire,,threaten
819,,,,traumatic,,immune,,depress,,turbulent
820,,,,eventful,,unstable,,rapid_deterioration,,unable
821,,,,tempestuous,,unattractive,,sharp_deterioration,,undermine
822,,,,rocky,,unlikely,,severe,,unease
823,,,,miserable,,vulnerable,,heighten,,unexpectedly
824,,,,choppy,,sluggishness,,intensify,,vulnerable
825,,,,relative_calm,,deterioration,,worsen,,weakness
826,,,,volatile,,softness,,writedown,,worsen
827,,,,febrile,,slowdown,,write_offs,,writedowns
828,,,,perilous,,weaken,,impairment_charge,,
829,,,,roller_coaster,,malaise,,impairment,,
830,,,,tumult,,overvaluation,,writeoffs,,
831,,,,turbulent,,fragility,,unrealise_loss,,
832,,,,able,,underperformance,,loss,,
833,,,,unwilling,,weak,,writeoff,,
834,,,,reluctant,,turbulence,,markdowns,,
835,,,,fail,,weakness,,subprime,,
836,,,,oblige,,deteriorate,,redemptions,,
837,,,,loath,,aggravate,,capital_raisings,,
838,,,,try,,exacerbate,,rating_downgrade,,
839,,,,unlikely,,deterioration,,divestments,,
840,,,,refuse,,weaken,,goodwill_impairment,,
841,,,,inability,,deepen,,writedowns,,
842,,,,struggle,,dire,,abrupt,,
843,,,,eager,,depress,,adverse,,
844,,,,impossible,,rapid_deterioration,,adversely,,
845,,,,anxious,,sharp_deterioration,,aggravate,,
846,,,,virtually_impossible,,severe,,bad,,
847,,,,unable,,heighten,,burden,,
848,,,,jeopardise,,intensify,,challenge,,
849,,,,erode,,worsen,,closure,,
850,,,,hinder,,writedown,,contraction,,
851,,,,reinforce,,write_offs,,costly,,
852,,,,bolster,,impairment_charge,,damage,,
853,,,,hamper,,impairment,,danger,,
854,,,,imperil,,writeoffs,,deficit,,
855,,,,stifle,,unrealise_loss,,dent,,
856,,,,impede,,loss,,destabilise,,
857,,,,fatally_undermine,,writeoff,,deteriorate,,
858,,,,endanger,,markdowns,,deterioration,,
859,,,,stymie,,subprime,,deterioration,,
860,,,,destabilise,,redemptions,,difficult,,
861,,,,underpin,,capital_raisings,,discourage,,
862,,,,exacerbate,,rating_downgrade,,downgrade,,
863,,,,undermine,,divestments,,drag,,
864,,,,disquiet,,goodwill_impairment,,erode,,
865,,,,anxiety,,writedowns,,erosion,,
866,,,,nervousness,,abrupt,,exacerbate,,
867,,,,unhappiness,,adverse,,expose,,
868,,,,uneasiness,,adversely,,fear,,
869,,,,wariness,,aggravate,,force,,
870,,,,apprehension,,bad,,fragility,,
871,,,,dissatisfaction,,burden,,gloomy,,
872,,,,scepticism,,challenge,,hurt,,
873,,,,frustration,,closure,,illiquid,,
874,,,,misgiving,,contraction,,impairment,,
875,,,,discontent,,costly,,inability,,
876,,,,irritation,,damage,,jeopardise,,
877,,,,anger,,danger,,lose,,
878,,,,concern,,deficit,,negative,,
879,,,,unease,,dent,,pose,,
880,,,,thanexpected,,destabilise,,question,,
881,,,,unusually,,deteriorate,,repercussion,,
882,,,,surprisingly,,deterioration,,risky,,
883,,,,unexpected,,deterioration,,severely,,
884,,,,noticeably,,difficult,,shortfall,,
885,,,,exceptionally,,discourage,,spiral,,
886,,,,after,,downgrade,,squeeze,,
887,,,,unprecedentedly,,drag,,stagnate,,
888,,,,alarmingly,,erode,,strain,,
889,,,,persistently,,erosion,,stress,,
890,,,,sharply,,exacerbate,,struggle,,
891,,,,firstquarter,,expose,,suffer,,
892,,,,month_onmonth,,fear,,threaten,,
893,,,,unspectacular,,force,,turbulent,,
894,,,,quarterly,,fragility,,unable,,
895,,,,unexpectedly,,gloomy,,undermine,,
896,,,,susceptible,,hurt,,unease,,
897,,,,expose,,illiquid,,unexpectedly,,
898,,,,prone,,impairment,,vulnerable,,
899,,,,resistant,,inability,,weakness,,
900,,,,heavily_expose,,jeopardise,,worsen,,
901,,,,likely,,lose,,writedowns,,
902,,,,resilient,,negative,,,,
903,,,,problematic,,pose,,,,
904,,,,sensitive,,question,,,,
905,,,,fragile,,repercussion,,,,
906,,,,immune,,risky,,,,
907,,,,unstable,,severely,,,,
908,,,,unattractive,,shortfall,,,,
909,,,,unlikely,,spiral,,,,
910,,,,impervious,,squeeze,,,,
911,,,,vulnerable,,stagnate,,,,
912,,,,strength,,strain,,,,
913,,,,sluggishness,,stress,,,,
914,,,,deterioration,,struggle,,,,
915,,,,softness,,suffer,,,,
916,,,,slowdown,,threaten,,,,
917,,,,weaken,,turbulent,,,,
918,,,,buoyancy,,unable,,,,
919,,,,malaise,,undermine,,,,
920,,,,resilience,,unease,,,,
921,,,,overvaluation,,unexpectedly,,,,
922,,,,fragility,,vulnerable,,,,
923,,,,underperformance,,weakness,,,,
924,,,,firmness,,worsen,,,,
925,,,,weak,,writedowns,,,,
926,,,,turbulence,,,,,,
927,,,,weakness,,,,,,
928,,,,deteriorate,,,,,,
929,,,,aggravate,,,,,,
930,,,,exacerbate,,,,,,
931,,,,deterioration,,,,,,
932,,,,weaken,,,,,,
933,,,,deepen,,,,,,
934,,,,dire,,,,,,
935,,,,depress,,,,,,
936,,,,rapid_deterioration,,,,,,
937,,,,sharp_deterioration,,,,,,
938,,,,severe,,,,,,
939,,,,heighten,,,,,,
940,,,,intensify,,,,,,
941,,,,stabilise,,,,,,
942,,,,improve,,,,,,
943,,,,worsen,,,,,,
944,,,,writedown,,,,,,
945,,,,write_offs,,,,,,
946,,,,impairment_charge,,,,,,
947,,,,impairment,,,,,,
948,,,,writeoffs,,,,,,
949,,,,unrealise_loss,,,,,,
950,,,,loss,,,,,,
951,,,,writeoff,,,,,,
952,,,,markdowns,,,,,,
953,,,,subprime,,,,,,
954,,,,redemptions,,,,,,
955,,,,capital_raisings,,,,,,
956,,,,rating_downgrade,,,,,,
957,,,,divestments,,,,,,
958,,,,goodwill_impairment,,,,,,
959,,,,writedowns,,,,,,
960,,,,abrupt,,,,,,
961,,,,adverse,,,,,,
962,,,,adversely,,,,,,
963,,,,aggravate,,,,,,
964,,,,bad,,,,,,
965,,,,burden,,,,,,
966,,,,challenge,,,,,,
967,,,,closure,,,,,,
968,,,,contraction,,,,,,
969,,,,costly,,,,,,
970,,,,damage,,,,,,
971,,,,danger,,,,,,
972,,,,deficit,,,,,,
973,,,,dent,,,,,,
974,,,,destabilise,,,,,,
975,,,,deteriorate,,,,,,
976,,,,deterioration,,,,,,
977,,,,deterioration,,,,,,
978,,,,difficult,,,,,,
979,,,,discourage,,,,,,
980,,,,downgrade,,,,,,
981,,,,drag,,,,,,
982,,,,erode,,,,,,
983,,,,erosion,,,,,,
984,,,,exacerbate,,,,,,
985,,,,expose,,,,,,
986,,,,fear,,,,,,
987,,,,force,,,,,,
988,,,,fragility,,,,,,
989,,,,gloomy,,,,,,
990,,,,hurt,,,,,,
991,,,,illiquid,,,,,,
992,,,,impairment,,,,,,
993,,,,inability,,,,,,
994,,,,jeopardise,,,,,,
995,,,,lose,,,,,,
996,,,,negative,,,,,,
997,,,,pose,,,,,,
998,,,,question,,,,,,
999,,,,repercussion,,,,,,
1000,,,,risky,,,,,,
1001,,,,severely,,,,,,
1002,,,,shortfall,,,,,,
1003,,,,spiral,,,,,,
1004,,,,squeeze,,,,,,
1005,,,,stagnate,,,,,,
1006,,,,strain,,,,,,
1007,,,,stress,,,,,,
1008,,,,struggle,,,,,,
1009,,,,suffer,,,,,,
1010,,,,threaten,,,,,,
1011,,,,turbulent,,,,,,
1012,,,,unable,,,,,,
1013,,,,undermine,,,,,,
1014,,,,unease,,,,,,
1015,,,,unexpectedly,,,,,,
1016,,,,vulnerable,,,,,,
1017,,,,weakness,,,,,,
1018,,,,worsen,,,,,,
1019,,,,writedowns,,,,,,
